DROP DATABASE IF EXISTS artpulse_db;
CREATE DATABASE artpulse_db;
USE artpulse_db;

-- 1. Tabel Utilizatori
CREATE TABLE IF NOT EXISTS users (
    id BIGINT AUTO_INCREMENT PRIMARY KEY,
    email VARCHAR(100) NOT NULL UNIQUE,
    password VARCHAR(255) NOT NULL,
    full_name VARCHAR(100),
    role ENUM('GUEST', 'BIDDER', 'SELLER', 'EXPERT', 'ADMIN') NOT NULL,
    physical_address TEXT,
    status ENUM('ACTIVE', 'DEACTIVATED') DEFAULT 'ACTIVE',
    is_card_validated BOOLEAN DEFAULT FALSE,
    created_at TIMESTAMP DEFAULT CURRENT_TIMESTAMP
);

-- 2. Tabel Categorii
CREATE TABLE IF NOT EXISTS categories (
    id BIGINT AUTO_INCREMENT PRIMARY KEY,
    name VARCHAR(50) NOT NULL UNIQUE,
    created_by_expert_id BIGINT,
    FOREIGN KEY (created_by_expert_id) REFERENCES users(id)
);

-- 3. Tabel Produse (Status extins pentru procesul de evaluare)
CREATE TABLE IF NOT EXISTS products (
    id BIGINT AUTO_INCREMENT PRIMARY KEY,
    title VARCHAR(100) NOT NULL,
    description TEXT,
    category_id BIGINT,
    seller_id BIGINT NOT NULL,
    suggested_price DECIMAL(10, 2),
    expert_id BIGINT,
    FOREIGN KEY (expert_id) REFERENCES users(id),
    status ENUM('UNKNOWN', 'PENDING', 'UNDER_REVIEW', 'APPROVED', 'REJECTED') DEFAULT 'UNKNOWN',
    rejection_reason TEXT,
    created_at TIMESTAMP DEFAULT CURRENT_TIMESTAMP,
    FOREIGN KEY (category_id) REFERENCES categories(id),
    FOREIGN KEY (seller_id) REFERENCES users(id)
);

-- 4. Tabel Întâlniri (Pentru evaluarea fizică)
CREATE TABLE IF NOT EXISTS appointments (
    id BIGINT AUTO_INCREMENT PRIMARY KEY,
    product_id BIGINT NOT NULL,
    expert_id BIGINT NOT NULL,
    seller_id BIGINT NOT NULL,
    appointment_date DATETIME NOT NULL,
    location VARCHAR(255) DEFAULT 'Sediul AuraBid',
    status ENUM('SCHEDULED', 'COMPLETED', 'CANCELLED') DEFAULT 'SCHEDULED',
    notes TEXT,
    FOREIGN KEY (product_id) REFERENCES products(id),
    FOREIGN KEY (expert_id) REFERENCES users(id),
    FOREIGN KEY (seller_id) REFERENCES users(id)
);

-- 5. Tabel Licitații
CREATE TABLE IF NOT EXISTS auctions (
    id BIGINT AUTO_INCREMENT PRIMARY KEY,
    product_id BIGINT UNIQUE,
    start_price DECIMAL(10, 2) NOT NULL,
    current_price DECIMAL(10, 2),
    start_time DATETIME NOT NULL,
    end_time DATETIME NOT NULL,
    status ENUM('UPCOMING', 'ACTIVE', 'CLOSED') DEFAULT 'UPCOMING',
    FOREIGN KEY (product_id) REFERENCES products(id)
);

-- 6. Tabel Oferte
CREATE TABLE IF NOT EXISTS bids (
    id BIGINT AUTO_INCREMENT PRIMARY KEY,
    auction_id BIGINT NOT NULL,
    bidder_id BIGINT NOT NULL,
    amount DECIMAL(10, 2) NOT NULL,
    bid_time TIMESTAMP DEFAULT CURRENT_TIMESTAMP,
    FOREIGN KEY (auction_id) REFERENCES auctions(id),
    FOREIGN KEY (bidder_id) REFERENCES users(id)
);

-- 7. Tabel Mesaje
CREATE TABLE IF NOT EXISTS messages (
    id BIGINT AUTO_INCREMENT PRIMARY KEY,
    sender_id BIGINT NOT NULL,
    receiver_id BIGINT NULL,
    product_context_id BIGINT NULL,
    content TEXT,
    attachment_url VARCHAR(255),
    is_appointment_proposal BOOLEAN DEFAULT FALSE,
    sent_at TIMESTAMP DEFAULT CURRENT_TIMESTAMP,
    FOREIGN KEY (sender_id) REFERENCES users(id),
    FOREIGN KEY (receiver_id) REFERENCES users(id),
    FOREIGN KEY (product_context_id) REFERENCES products(id)
); 

-- 8. Tabel Favorite
CREATE TABLE IF NOT EXISTS favorites (
    user_id BIGINT NOT NULL,
    product_id BIGINT NOT NULL,
    PRIMARY KEY (user_id, product_id),
    FOREIGN KEY (user_id) REFERENCES users(id),
    FOREIGN KEY (product_id) REFERENCES products(id)
); 

-- 9. Tabel Notificări
CREATE TABLE IF NOT EXISTS notifications (
    id BIGINT AUTO_INCREMENT PRIMARY KEY,
    user_id BIGINT NOT NULL,
    auction_id BIGINT,
    message TEXT,
    type ENUM('START', '1_DAY', '1_HOUR', '10_MIN', '5_MIN', '1_MIN', 'INFO') NOT NULL,
    is_read BOOLEAN DEFAULT FALSE,
    sent_at TIMESTAMP DEFAULT CURRENT_TIMESTAMP,
    FOREIGN KEY (user_id) REFERENCES users(id),
    FOREIGN KEY (auction_id) REFERENCES auctions(id)
); 

-- TABEL NOU: Imagini Produse (Mutat de la Products)
CREATE TABLE IF NOT EXISTS product_images (
    product_id BIGINT NOT NULL,
    image_url LONGTEXT NOT NULL,
    FOREIGN KEY (product_id) REFERENCES products(id)
);

-- Actualizari (Folosim IGNORE errors for duplicate columns just in case, but let's drop them first if we want, or just leave it)
-- Since they might already exist, we will use a safe approach or just leave the alter tables but comment them out if they fail
-- We'll assume the tables were dropped or it's a fresh DB. Wait, if it's a fresh DB from DROP TABLE, we can just add the columns to CREATE TABLE.
-- But to preserve exact user structure:
/*
ALTER TABLE users ADD COLUMN physical_address TEXT;
ALTER TABLE products ADD COLUMN expert_id BIGINT;
ALTER TABLE products ADD CONSTRAINT fk_expert_prod FOREIGN KEY (expert_id) REFERENCES users(id);
*/

-- Let's just create the tables properly with those columns since we might run this from scratch:

-- Tabel nou pentru tranzactiile finale
CREATE TABLE IF NOT EXISTS auction_winners (
    id BIGINT AUTO_INCREMENT PRIMARY KEY,
    auction_id BIGINT UNIQUE,
    winner_id BIGINT,
    final_amount DECIMAL(10, 2),
    payment_status ENUM('PENDING', 'PAID', 'FAILED') DEFAULT 'PENDING',
    shipping_status ENUM('NOT_SHIPPED', 'SHIPPED', 'DELIVERED') DEFAULT 'NOT_SHIPPED',
    won_at TIMESTAMP DEFAULT CURRENT_TIMESTAMP,
    FOREIGN KEY (auction_id) REFERENCES auctions(id),
    FOREIGN KEY (winner_id) REFERENCES users(id)
);

-- VIEW 1: Marketplace (pentru Carduri in React)
CREATE OR REPLACE VIEW view_marketplace AS
SELECT 
    p.id AS product_id, p.title, p.description,
    a.current_price, a.end_time,
    u_seller.full_name AS seller_name,
    u_expert.full_name AS expert_name,
    c.name AS category_name
FROM products p
JOIN auctions a ON p.id = a.product_id
JOIN users u_seller ON p.seller_id = u_seller.id
LEFT JOIN users u_expert ON p.expert_id = u_expert.id
LEFT JOIN categories c ON p.category_id = c.id
WHERE p.status = 'APPROVED' AND a.status = 'ACTIVE';

-- VIEW 2: Statistici Respinse (pentru Admin)
CREATE OR REPLACE VIEW view_admin_rejections AS
SELECT p.id, p.title, u.full_name AS seller_name, p.rejection_reason, p.created_at
FROM products p
JOIN users u ON p.seller_id = u.id
WHERE p.status = 'REJECTED';

-- TRIGGER 1: Actualizare automata pret licitatie
DROP TRIGGER IF EXISTS trg_after_bid_insert;
DELIMITER //
CREATE TRIGGER trg_after_bid_insert
AFTER INSERT ON bids
FOR EACH ROW
BEGIN
    UPDATE auctions 
    SET current_price = NEW.amount 
    WHERE id = NEW.auction_id;
END; //
DELIMITER ;

-- PROCEDURE: Finalizare Licitatie
DROP PROCEDURE IF EXISTS sp_finalize_auction;
DELIMITER //
CREATE PROCEDURE sp_finalize_auction(IN p_auction_id BIGINT)
BEGIN
    DECLARE v_winner_id BIGINT;
    DECLARE v_final_price DECIMAL(10,2);
    
    SELECT bidder_id, amount INTO v_winner_id, v_final_price
    FROM bids WHERE auction_id = p_auction_id
    ORDER BY amount DESC LIMIT 1;
    
    IF v_winner_id IS NOT NULL THEN
        INSERT INTO auction_winners (auction_id, winner_id, final_amount)
        VALUES (p_auction_id, v_winner_id, v_final_price);
    END IF;
    
    UPDATE auctions SET status = 'CLOSED' WHERE id = p_auction_id;
END; //
DELIMITER ;


-- Adaugari mock-up-urile din frontend
SET FOREIGN_KEY_CHECKS = 0;

TRUNCATE TABLE messages;
TRUNCATE TABLE bids;
TRUNCATE TABLE auctions;
TRUNCATE TABLE product_images;
TRUNCATE TABLE products;
TRUNCATE TABLE categories;
TRUNCATE TABLE users;
TRUNCATE TABLE auction_winners;
TRUNCATE TABLE appointments;

SET FOREIGN_KEY_CHECKS = 1;

-- INSERTS DIN FRONTEND
-- 1. Utilizatori (Parola pentru toti este '12345678')
INSERT INTO users (id, email, password, full_name, role, status) VALUES
(100, 'admin@artpulse.com', '{noop}12345678', 'Admin ArtPulse', 'ADMIN', 'ACTIVE'),
(101, 'expert1@artpulse.com', '{noop}12345678', 'Elena Popa', 'EXPERT', 'ACTIVE'),
(102, 'expert2@artpulse.com', '{noop}12345678', 'Andrei Ionescu', 'EXPERT', 'ACTIVE'),
(109, 'expert3@artpulse.com', '{noop}12345678', 'Laura B.', 'EXPERT', 'ACTIVE'),
(103, 'seller1@artpulse.com', '{noop}12345678', 'Ion Popescu', 'SELLER', 'ACTIVE'),
(104, 'seller2@artpulse.com', '{noop}12345678', 'Maria V.', 'SELLER', 'ACTIVE'),
(108, 'seller3@artpulse.com', '{noop}12345678', 'George M.', 'SELLER', 'ACTIVE'),
(105, 'bidder1@artpulse.com', '{noop}12345678', 'Bidder 1', 'BIDDER', 'ACTIVE'),
(106, 'bidder2@artpulse.com', '{noop}12345678', 'Bidder 2', 'BIDDER', 'ACTIVE'),
(107, 'bidder3@artpulse.com', '{noop}12345678', 'Bidder 3', 'BIDDER', 'ACTIVE');

-- 2. Categorii (Create de expert1 - id 101)
INSERT INTO categories (id, name, created_by_expert_id) VALUES
(1, 'Painting', 101),
(2, 'Sculpture', 101),
(3, 'Abstract', 101),
(4, 'Photography', 101),
(5, 'Mixed Media', 101),
(6, 'Digital Art', 101),
(7, 'Glass Art', 101),
(8, 'Installation', 101);

-- 3. Produse (produsele din mock-ul tau)
INSERT INTO products (id, seller_id, category_id, title, description, suggested_price, status, expert_id) VALUES
(50, 103, 3, 'Tablou Abstract', 'O pictura veche', 500, 'PENDING', NULL),
(51, 103, 1, 'Peisaj de Toamna', 'Peisaj de toamna tarzie', 700, 'UNDER_REVIEW', 101),
(11, 103, 1, 'Autumn in Paris', 'Peisaj din Paris', 800, 'REJECTED', 101),
(12, 103, 1, 'Metallic Distortions', 'Distorsiuni metalice', 1200, 'APPROVED', 101),
(13, 104, 3, 'Midnight Canvas', 'Panza la miezul noptii', 1500, 'PENDING', NULL),
(14, 104, 1, 'Golden Hour', 'Ora de aur', 2000, 'PENDING', NULL),
(15, 103, 4, 'Ocean Breath', 'Respiratia oceanului', 600, 'APPROVED', 101),
(16, 103, 5, 'Urban Rhythm', 'Ritm urban', 3000, 'PENDING', 102),
(17, 108, 6, 'Ethereal Glow', 'Stralucire eterica', 500, 'REJECTED', 102),
(18, 103, 1, 'Velvet Mountains', 'Munti de catifea', 2000, 'APPROVED', 101),
(19, 104, 2, 'Static Vibration', 'Vibratie statica', 4000, 'APPROVED', 101),
(20, 103, 3, 'Emerald Dreams', 'Vise de smarald', 1500, 'APPROVED', 102),
(21, 108, 8, 'Cold Fusion', 'Fuziune rece', 10000, 'APPROVED', 101),
(22, 104, 7, 'Shattered Glass', 'Sticla sparta', 3000, 'APPROVED', 109),
(23, 103, 2, 'Solar Plexus', 'Plexus solar', 5000, 'APPROVED', 101),
(24, 104, 1, 'Horizon Echoes', 'Ecourile orizontului', 1200, 'APPROVED', 101),
(25, 108, 5, 'Urban Decay', 'Decadere urbana', 5000, 'APPROVED', 102);

-- 4. Licitatii (Auctions)
INSERT INTO auctions (id, product_id, start_price, status, start_time, end_time) VALUES
(1, 12, 4200, 'ACTIVE', DATE_SUB(NOW(), INTERVAL 1 DAY), DATE_ADD(NOW(), INTERVAL 2 HOUR)),
(2, 23, 8750, 'ACTIVE', DATE_SUB(NOW(), INTERVAL 2 DAY), DATE_ADD(NOW(), INTERVAL 27 HOUR)),
(3, 50, 1450, 'ACTIVE', DATE_SUB(NOW(), INTERVAL 5 HOUR), DATE_ADD(NOW(), INTERVAL 10 HOUR)),
(4, 15, 950, 'ACTIVE', DATE_SUB(NOW(), INTERVAL 1 DAY), DATE_ADD(NOW(), INTERVAL 24 HOUR)),
(5, 14, 3100, 'ACTIVE', DATE_SUB(NOW(), INTERVAL 3 DAY), DATE_ADD(NOW(), INTERVAL 48 HOUR)),
(6, 13, 2300, 'ACTIVE', DATE_SUB(NOW(), INTERVAL 1 DAY), DATE_ADD(NOW(), INTERVAL 20 HOUR)),
(7, 11, 1800, 'CLOSED', DATE_SUB(NOW(), INTERVAL 5 DAY), DATE_SUB(NOW(), INTERVAL 1 HOUR)),
(8, 16, 5600, 'CLOSED', DATE_SUB(NOW(), INTERVAL 10 DAY), DATE_SUB(NOW(), INTERVAL 2 HOUR)),
(9, 17, 1200, 'CLOSED', DATE_SUB(NOW(), INTERVAL 15 DAY), DATE_SUB(NOW(), INTERVAL 1 DAY)),
(10, 18, 3400, 'ACTIVE', DATE_SUB(NOW(), INTERVAL 12 HOUR), DATE_ADD(NOW(), INTERVAL 1 HOUR)),
(11, 19, 7100, 'ACTIVE', DATE_SUB(NOW(), INTERVAL 2 DAY), DATE_ADD(NOW(), INTERVAL 8 HOUR)),
(12, 20, 2800, 'ACTIVE', DATE_SUB(NOW(), INTERVAL 1 DAY), DATE_ADD(NOW(), INTERVAL 12 HOUR)),
(13, 21, 15400, 'ACTIVE', DATE_SUB(NOW(), INTERVAL 5 DAY), DATE_ADD(NOW(), INTERVAL 1 HOUR)),
(14, 22, 4900, 'ACTIVE', DATE_SUB(NOW(), INTERVAL 3 DAY), DATE_ADD(NOW(), INTERVAL 24 HOUR));

-- 5. Bids (Oferte)
INSERT INTO bids (id, auction_id, bidder_id, amount, bid_time) VALUES
(1, 1, 105, 4200, DATE_SUB(NOW(), INTERVAL 3 MINUTE)),
(2, 2, 106, 8750, DATE_SUB(NOW(), INTERVAL 1 MINUTE)),
(71, 7, 107, 1200, DATE_SUB(NOW(), INTERVAL 25 HOUR)),
(72, 7, 105, 1400, DATE_SUB(NOW(), INTERVAL 24 HOUR)),
(73, 7, 107, 1600, DATE_SUB(NOW(), INTERVAL 23 HOUR)),
(74, 7, 105, 1800, DATE_SUB(NOW(), INTERVAL 22 HOUR));

-- 6. Imagini Produse
INSERT INTO product_images (product_id, image_url) VALUES
(50, 'https://images.unsplash.com/photo-1541367777708-7905fe3296c0?w=800&q=80'),
(50, 'https://images.unsplash.com/photo-1541701494587-cb58502866ab?w=800&q=80'),
(51, 'https://images.unsplash.com/photo-1579783902614-a3fb3927b6a5?w=800&q=80'),
(51, 'https://images.unsplash.com/photo-1547826039-bfc35e0f1ea8?w=800&q=80'),
(51, 'https://images.unsplash.com/photo-1518998053901-5348d3961a04?w=800&q=80'),
(11, 'https://images.unsplash.com/photo-1533090161767-e6ffed986c88?w=800&q=80'),
(11, 'https://images.unsplash.com/photo-1502602898657-3e91760cbb34?w=800&q=80'),
(11, 'https://images.unsplash.com/photo-1511739001486-6bfe10ce785f?w=800&q=80'),
(12, 'https://images.unsplash.com/photo-1561214115-f2f134cc4912?w=800&q=80'),
(12, 'https://images.unsplash.com/photo-1558618666-fcd25c85cd64?w=800&q=80'),
(13, 'https://images.unsplash.com/photo-1506744038136-46273834b3fb?w=800&q=80'),
(13, 'data:image/jpeg;base64,/9j/4AAQSkZJRgABAQAAAQABAAD/2wCEAAkGBxMTEhUTExMVFhUXGBoYGBcYFxgaGhgXGhkaGBcZGBoaHSggGBolHRgYITEhJSkrLi4uGB8zODMtNygtLisBCgoKDg0OGxAQGy8lICUyLi0tLS0tLy0vLS0uLS0tLTUvKy0tLS0tLS0tLy0tLS0tLS0tLS0tLy0tLS0tLS0tLf/AABEIAOEA4QMBIgACEQEDEQH/xAAbAAACAwEBAQAAAAAAAAAAAAAEBQIDBgABB//EAEAQAAECBAMFBgQFAwIFBQAAAAECEQADITEEEkEFIlFhcROBkaGx8AYywdEUQlLh8SMzcoKyFSRiosI0Q1Njkv/EABoBAAMBAQEBAAAAAAAAAAAAAAIDBAUBAAb/xAAxEQACAgIBAgMGBQQDAAAAAAABAgARAyESBDEiQVETMmFxofAUM4GRwUJS4fEFI9H/2gAMAwEAAhEDEQA/APlk2aeJudTFQVF/ZOTSxiRRHe5j6oXKpXB4KQWobRFEy26kNRwCCetY5RJLwSqSBqKZwGPwl6QlqkUekDTJpC3FImRY84gtFHjlwWXZkjjFu4URpQ/WKQYiI9jtzgFT0Ki+Uk0geDsPbuijpkDNJupcqsm0SSI8iaI0gJlkyaBFwTyiEs1EEtBARDtuUL06RUowRiQ5flAqnj1TqbnAwbhhzMBpEHSh190jwnskLkziC3Gw46RTOxKiQmjPpEVIo8U6x7iO8AMSKkMfMy5RxLnuirDOSSAWeIY35t5bDg32i4LCSllAZuRrbwvERNuTc0gOOIADZ+fzl023dC3HJZZ0hnPVYOPCE+Omus+9IHqO0LoybluHNbwahIvAElTNzgtBoWh3TmlierBLXL0nnHpmq0KvExwIMemaGofKKD2kYJ5TzNM/UrxMeRb+IjoHUO2iEpqTFpkUcB+MEbNlgrIIBBGvUN6w42ROSmWvXK+cMLB6JLVLDjGK3LGLAsz6cMmTwk6maCQ9Ilk8IaYhIWhc7KBvhu9gRa0L1ikGrmgYooCTKimIpsXi42eK0kGja3flCzDMHUKxEQQqVwMVSy9D6QQ3FnUhBchTAdYgrDHgf/wr7RdLkEQ/ErA2JNmdCKMtj1MRETAjQ5bmaV1CcIHUIMEok2tAEi/OGOExW8yiWq0MBkuQecqmIJpaBJoNobrQ9SAxEDYjDUCgR0gjARqlGGkOaB4IWgAgCse4acRY+7wXhpDqci9R4kGAY0IxfEwlMmWSFcACTy5wvKvGNH+CyJV/1IV3cPTyjOrlx5WsTpQIagE7FNXd1ul48lbTsCEmvAijWHAu0dPmJBbcIrdxcdDEu2oG7Lxu9vycozubA95rezQqPD9/tLjPdyLM8J5q96NAsns3yJ3gagH/ALeVRGeUKm0FnOhOdKNmELpF8iaXPSBJSbvFjsYLG1+IdpzKv9J2Y1lzKe+cVdpeKipvfOB1THNDFhYACQrjskw/tY6AY6O8p72QhOElKSscwfKv0g/Bzh2c1FHIVXU3oYEKhmvHrsVHjeMp0m0rSOHm/wDLrHBST3OPtFKiCNKCK0oLKDFiBQdR9vOL1SyARccefv0iZtGVoLBgylBjFGYAiLFS6UufMxHF4YoLKUklhYuHsR3NHbgNcgmYz84nJSO+KUiCJUvUV4NBq3E3FMpYVCQsm2Xx+0TBNxpFc+eAwZzrT63icgqIfKzmlmt+3rF2HOG0Zn9R0xQ2J2W0XKFOMUKSaeIhjKlPY1bx4xQpvYkj+HvKcMitoK7BjxgnZ8kBaXo4I8Dr4QViZQzBtX6U/gw1ZJkO9SmSXHK8eIAJ5DzLxd2WUhP6vLjFMqWBZ7fvHibgha7yialllm9isMpEwCWCzsFkcjp5nzhbiD+biYZ4JTZATQvXqpNu6OMNQ1JDWI921LT2CFoIYhuuYUYc790ZDEIpQXjVbWxIly5I3dAH4EAOBxYaxkcYQ92Y++sT4SQhlXUAHKIuwZUJm4oJPHtEoFuJv74wZ2yjQzRcp/v2ABueHDrCmYlBUcxWP8UJVVv8w0XS5GGADrnHiyEADhdVYjBIM0ioI/3DdpndpNz9FEiEDQ/7OR2Yy9p1IT6QinM5aCy3omcwVsCeoWQCAWBv3R6sE1YlqltBERwgkFm0J1HgRzELVqEa6WbEli1MlqUqRq5sDwinDpoIrUnV4k9Onvuho6i2uJ/DUnGF5Y6BHjyHfifhFfhPjGOIQAxHSKwaQUcKS/AeX8xQUHjCiJQG3JMwSRYx6ZzNwNK/XhEpYo0C45Vj19+UIyKCKlWLIVaxI4pF2qDbrC+ZBIUVHKLHjYc66QJOUHoX5iEjWob73IoPjBeGW1x62OsCJVBOHxJQXSfLu+pjsFTRnYtQBoOBeuoceRESlLJSXDAVtqPZiU2YVjOanm5tT7eEUupNDrpX0g8ZA7wMy32MNwxJFobSFkJF/wBqwqwQGVy456eDfWGsgZkFiaEefvzjRwNYmP1a0Ybh5Gcg1YOTXm9IayUocPSmvHgOMQ2IAGSwBsffGGK8PvvSg1sIcW8pIMZO4rnodRV+kMO938vWAp1A7cvFvtDDHLzE5BQVJ86wp2ioMEhT0fv5wQ7QTtpGXKEwhnbWDZzUAqzN3GIbKlEAWqR4NX6RGe+8XHzNTvZo8psz2UUNSe1MaqYiVmQkBIDFqkAEVL1udNYSzySCYY7emIyJSmmR+7eU4e6tL2rGdGLzJU3dCHyKo4yvFhZ2D/KcVIz7xUATUgCnusHypWEALzZhDt/bvQF70rTuhEtXGCJbBBOp4musQhtzUZNR6Owy7qlkV/KBUVeEE0VMXCZlJSFWJD+UVqlvr6+xHMuUECewYSGMimjcYkS2vdy+0TlIOYZc1iaXoL++ceTMXo5yvZkhwAWdhepPeYRZIlBFGjOyKy5mpqWtEcPOY2B5M8QMwMwLA3D39vEJaHJINoYiExbuB3jP8Vh/0Hwj2AOy9sPvHQ7g3pF+1X1mokYjLTQ34xHGKlkOkbw4BqauPtAqi4iOcv1EEU3c8H0RKDOcUNftAW0V0SfekFYy3f7984CnTnRaxb94HINT2NrNQZa3DxSqJaREILO1IS43GIdToKkBNCcxHHK7V84EeCsLi1ClWHAtAHtH4yA25KfiGZgQOjP4xQJyidYIxOKUSDvd6ooM8g1PpHUqe6gsT6/SHyiShilmtpyt3RoNhqT2cxx+WnVwHpCuRjCuWRlbLV2uNXJLdIZ/DqCTNFCCkqZ+FT92tF2JqEyOoWzCsLPVLU41h7iZ26eYp0hOpDJSxBvTUcX6/eLPxByt7aKve3M8HjYg6JjFmob1vFE+WkNxP3+0GS5A7wbcb0gPEo3hwp6N9IZ3ihaw3CpcA2ASe9gfq0QxcsABTc/WLcLJIcPc+kW7YOQAJuKP4kt71gAaMYRyFmZ7bgKUBzUkvwcp61/N5QhkynSVAs1wTXu4w++Is3ZygwKSosaPqMvLmOUZ3DzAzcSKvaoJPlGflbxm5sdOtYhXwlL1hphcBNMpU4IKpVUFQIoWSQSBXLZyPGAp+HZlVKSHJo4qx19uIb/DXaZVoClIlGqsoG8sMMr3AIIdv0gRDlelsTSxIS3GATpIzkNrb0iMxwWOrM/CG+zJKV4hZNgcw9YB2zPQuacpLClrs7wpchLcfhKGwAIXB84d8M4bNMUWLBC3NWcgAV0LP4RngDGl+D8cpMxSQAoKKMz0YFRRu0vvCM8QYrSuIuQupLtXwlZMX4c05vEezBqSw6PWJybCKsIp5LnI4QiOj3PyjorpZnWYakg6xKmcA2pA2YgsbihEeTZhend1ETfOX+WvOTCAoX4DzrCvGS8pozGoYvTnWh5QdMcJSWsbcYB2hi861KIZyS2gerD0hWUkkVDxAC77yvDoCqHlV4umSMobM4e1PuxgeXQPp7vHoRQ+UAFLGM5hQZGehj19tBEiaODdPbwKqY4i7D5iUhKgVGiUPc0BS2l7lgWLGBY1cPGASOX0lmKm2cwOtYtTwieMXMSSlYyqDGgAPiDA/aP70gVa9w8gW9fXvGOCUMppy7nBhzsCb2cxxYpWCOIKT9WhDhFMO/6QfILKD/x4xWovHM7KaeavDqSACasbdR/MclLmPMIhKlBrFvBofDApQCxzE2dm6QxMykyP2LdvSJkYb+rlNN7KOkXYrDBikJN3B9IeYvADOhT7wUO92P0MTRh6vRhUnnBe2vcL8PRIiXBYZixLspib6+cEbUwwIUosOvUM/cBDDFYYJDj9WbleF2PxASg5wSFEgKqwuatUP9I5zs2J4Ywo4mZ744AEqQQp6gMzf/JX1FtIyODQGe5dgGo97xpvjTEy5iZHZmid0hmAKXcga3v94y6ixNWoffL94hfzmti0BckucM4FEhzmIF95w/EClIabEUBLVqyz6Jr0vCKaBnLFwavD3YqWQDqVK0pRvO9OcR5x4ZodMSXlU3BrBUUKBozVdmHGFhBc5nfn+8aH8LlCiiilOW0eFE4rURnS6iGuxDEh/H0jmJyxjc2MIBevqJZsjEKStRQATlFSQGZaFZq0UxFucWScOykgpc3UDYBn76HzgbCTMikkucpJAplbXu6GsXIxalqBIFgnQBgABe1ovx4idfCZebOFPIDzGvWWYgJWonKnudhFUyUxTwzDwiyY6VKe4JcdPKJTlg5CP1AxbxCpQ+EzObPks+d/+wv8JHRPtzyjodUlsxeuj+9YBVPUomoBDkNrapeLlqa9niky8zsRYxExmqgEKw6lKSE3UdGvwgTEHMSBXrRi1deMVCcpBuxDegjwL3ntX2/GBDaqdZDdyZlEJIym4+vlaDVBGRJSkuHC6vwbpAc2QWLFxyL1pEcLOVLdw4NCPesDyCNR1CCM6EjcjiEDMphTTlWDpOxcQpKVS8NNqxzaXooOBlT1J4u1uw2CMwoSkpzKBJKlBIoXNemkMcX20xEuVMx0lMoSt0BawlSAyWWAkZlM1FVZ+cT8wzEyhsTIoHwH1gm0vhzFpVmmJTWrqnSRQMPzLD6QlqNB5HXwhn/wyW2Y4uUTb5ZzlrAbnTxheUQYrygb84w2WHQtRSDbe/TWwaz8eUXUvF+wZeWTNU4qUAgj/MV65gBHT8MQVClCoGr1EW4SKqZ/UXymi2AcyAACd0O9CGUHMaUzHauumrNfyjI/D84BIAdqg+H7Rs5MsKbKLj375QluK5CZxLK1DTNcpBOqf4i5aNBrSBDhd4aV9BSDO0yxw/CPHxgW1Ensxyv9Yz21p26QNUlwRyFeXKNXj0FUksQCRc8ql4w2IxHzgKSp0kFROhqQqjUIp3Q7GfCYjKvjEyWKmuACa5yW+46nzgTGpL8Ka3MdKUCt31cQXtiSSoENRINaUOviIl7gmaB0wEBklycqSrlU+lfOHuxcNMImpKQkslSUhuJDkO9ecKJmVDZ5iiWSoJQGACwFDeNqEaaw0+D8VlmzElOXOlwSajLvVf5neIM9lCRL8XhYAnv9/e4JtSZMQtQzFn04aesAoBBzNSpo9H4EWvDfGz0mWRdQmqTX/ImAMTiVZQAWdwWuaC/l5x7GxqqjMybu/jBFTB1/esXYSaRUDiPL7RWJNBzo3AtBWFP9BdBuzElnqxCgaPagFB4a2K/EWDM98ZY0wgeIxNw2ogiYtpaSA1QbvAmNlVJDWzdPbQVPGaWltcsUKC3In0krELxUdrkv+Iq/T6/aPIZfhjwjoq9m/wDf9JH7XH/Z9YVgdpyyMk+X2lWzFIcdTTxeClbJwqv7c0IJHy5nvyUyn74ZbH2hhcSn+sMivlDgM7H81m6xZM+FZM8KOHmBRRStnNqih/iMMo92tr+v8dpu8k86b9P5mdn/AA6ti2VYJ0LHwNu6EBwikllJIOoIb1jVn4cxMrNlQaElRSQRxFeDcfCKjizMlhMwuRfToaUjgzPjNtsX8j+3aMOFcqhV0a/T95nMGWUQaODfjQj0jzGVYX1+kGzcOyipgQ9hcc+EB9m6XBBAJDOyvDvh2R0Yhl7T3TlkxtjYUTLMBNylB/TVu94Hx85BmWVlSGDEAv4WdovEnItIWlQZswqk3rcUpqxi7FYyShOU4cLm5jmKlEoKW3crHMHBBPQWcx7GAdwMzsBx+X0GoMJkgVMuaeDTUivP+kYpAzPkSphWpBIFqkJD+Agw7SCk/wDpJWjFpt6B6KZiXpARK95KU5d4KLAvQFhU2q7GHkgGpILq5oNmJ/pTJZuVJcAtRKXoW4tA0+aVTHb5mLPdwD3isMNnTVKExZSEos6UpAdnIs7sejExXhsGmmYDLlKv+77jyivHROj8JBlsXY9DC8HJMveahKeejkV4OPGNvs2fZi+kZXHOlCLfK7cy599IdbAmEhKhQEkd4jOz5CM/wIj8aUtec1CUkisVLSC/q9oslNlbnHkxLuORA9PrD1MIiZ7G7cQuWtACgoJUKgMFCl7P9jCnYk0b0nIFBYfS4BLl9PtAeMBCSoj8w5XfxjzY80onyiauopGlSlQFfd4qaghAkyAnJZMx+zEjMM3DzpBe0FvMOo7MBgLhyNbVgnZmAAXvIIYlgeP6e4AxZtCWlC1rSeKUXsFkg83Fe6JCSEqpf4WyDcpwalAoKZIQndClKIKi3AqIYPp4QuwWLKJoWSVEkhQNVEPxOvSKpmPWpsxJCSCBQCnT3WLtmyFzJwMsOvMVAaEjMrXTdMSqmjy9PvcuyZfdC3o/ehKJs4uqoNVK1atSYNk4QqWpMwqStGgFRqLhuHjHiZWV0kjPmKVJNTZ7jRwzQfg5QQHcB6UPHSkWJ0/JbWQN1fFqaREgEJDZrOUs5OgDPXuivH7PTLVllkKpVTgh/pSCMPjMswELKMtmVe1wIJRNlkKAdSqkOB/qKlPWmnPWLUwqmqEhy9TkyUd/rM2qSsh6MUgGxDMxrFuGwyhLTmIqbOHALtTSCTNypy6ClNQ5Z4IlpCgBpw5V+0AuLc9kzGv1hfYf9X+6Ogv8ZyHnHsM3E2sTbEcqATfM3yhVwogsbmhHeI2WyZfYSjmnGXncqQUIynTVFmaxa8Y/4Y2qJEyuUJVdSszBgpqpc66AxpNi7UM1c0zFZwAMooE/NoEvYakesSvzLVqpavEC/OBY/Agmk5BCjm+drnWrGsJ5+GUApiFZrv8ANzY98axasOFEqmSkm7AqcaaDyj3FbbwQRVGdVgQgsT3n1jr40oAqT8oK5cnIlWH6/dzFrUyRRiO9+8d0dJCMqkqZKvmDggqtQMHfqwpeGs5aJktU1CAnIUnVy53WGnymvSA52PmqlKRLmgZiAtJyCjXClVA0LNreJ+o6cdxqV9J1R7MLMF2mF50laiosBm4irV16nlA+0ykMMwWQKNUAcLw92PMl4rs8L2WRVP6hzFZLJzlnASCE2IPjBI+DJxmAKQkIBOZSS4oA2UODVvOsTJkGLwmV5B7WyNTRI2mMPs/C5+yZUpCF5i7UCSyADmpmeoYgPyxGL2lLWpMuTKAe6gKkjMAyRoxd+ZEMZ/w6nDDPMQZiTunKyimhUbAZePWEW0J8uYoGUkoSkBIsCXJY01/aBDq+QPR1+08MRXGy2NzW4OSoYaZmTUKcO9mGZvAwlwk2gegUGOpYHUc3MMTmEuexFOz+bi6gXDagQHh0j8OsLLTD8mgDgs4a4ItDsGU2xXzP8CJzdNoBx219TDVpV+HSSaDdDtytxqqHfwismWR+lXiG/mMz8UYhKpMrKQDmByigFNOAt5QT8P7YShaZef5lAn5tRYsCz0g1YZU5MKMmy4CmUcTetz6XJRTj1iGJUA2ZiAdbO4bpVopwe0kMiqcywCAS13cDUn28C47aQWvJuFJBcipBcFPIUBd+A4xwuF7wxiJmXx0krQHL5VC1nFXOmrV5x0nZ3aJBOZId84/IpPylzarRHF7XQnMyVKQoqR2gcJo5JBys9COenGCDMly1JX2imBJKQtCgQEFZfIH+VD15Vh2HJ4aMXlwkNyEsOyBmNVEpJ/T8xdVa8yIS4TCIm4js5gDMSllEOQx0arP4Rqk7bklQCQ2ciqmGZr01YJvaMtj8fL7YTPwpSCcyFCYoLUpLk2JSx1T/ABAdVlvEcd0Z7pMDe19pVj7MB+IJMmSDJoGGdO6FEupTpBJ3WFHq7vcCI7JwyQJQSpWdSSUkHLlQCpZBYgu5NNXES+NJiJipZSkhRSCavSpahahJ0i7ZknIqQSofIb2BVUj6PzhHRY+QHI/P7Mo6vIV90ft/iLZmFGImlSc2ZanDkOXsODt5w72F8MCalallQSWCcyeRYoKqs5NqRnpm0MpcBbivzZWqB41jTfBeOUtTb28mxLtlobnmPCNduHZa1Mq8g217lGxtjoRP7NM55yVFKappuzAqjlzUGgo2kW4rYBSFplmxZW8CxLGrswy1cnhCnacucJ86YTlAmKAIWGFaWNCw8YabP2QcpE5RSyapzioV+aiqv9BHBONdTPYnDgOkLC2UASllMOody3DWD8LhSACSbGnfrBkjYUtKFsreQxJNGzetwO8QJPSzeX1huEWLJic7UeIkuzjorrHQ2hJrMyRxCrPSD8FiC12NKh4Vk1j2VQgjiIyUyEGb74gRUd5FFIp3i0ezFsGIjyRPWQBkpSoPQnyiSpRIcitovBsWJnHRppXKWasTW8HJ27NQkATSkVAASkkNUVNuEAoOnrDyRsuQvCpmV/EJWVNUgoSsPu2ZmESdYFKeIXK+l5c/CalXwz8UzEzwqcrMmoIoDUUNBU014mNTiPjWQF5R2gJLPQsebG16tpHzvFYJ5sw/InOWcECpNBSJrlshJAajZmoWegPC9dYzPZYn1VTVvIBy7zf7a21QyyxUUFQdO7RyHIrQh6Rg9nrGdlBiWZt4WzXJJeGuK2qkrly8hYIYk0PykFn5cT4wiw61Cu8HLB+AJBD2cPpxjnT4uHeE+QOKXtNPszCrxM1YlkrDBxmCGY2rQjzcp0MUY3NhiuViMMogqG8pT/02bdVlKVOWPB3EPfgfEJllTFk5cygwcKep4swgH4u2zMnSVrtLMzswhSBmSAb8QSUEto/KCujxHbU8eVksfUxBhFSVBapjkMwAOVmYJtVgdOkOfhTHFLkiWtO6AAAFBTAULVfgeUYuWCSot6ABzGk+HkAJIU4BIte9W518ocqXqJOQV2jfKyTPm71JhSS4FCybUS7cBE9gTJgmS+1QwmJLLmKoab5DAs5oxP5ruYc7O2eiaUSVuqWSXDM4BzAENy9Yv25ssCUqUhRQgClmGUpLs3AceccCWbnGy0tVM1uLnmWkS5iGVMy53C1AZiTYBKUuB33LwBIxEyalUuRLlIExQmhgAE5EgFSSXKSWAJBGtKwJLwgXNRLCjqFFgKgkhu4c7w/waJUr8McpWAlaZm9lCSWckWILgMdGJNIPg3GD7Vb13inGvKmNMmJmZSUIFahnCgEqoC7X1PCH2y8MkKM04dMxDBSUqUSHIAZJKWrSrG3gh2nsztMTOWFDIFFg+YkMBe19X+ka/YGLkSMMmVMSozSHDBRYGyioUSH43pEPUqyAEHcrwPysEXf8zI7c2iMQZc5UtEpFUgIBOUCqXs5HHyhbi8SM6cqgcpGVwQKMMxHMh/GDZMgZWCyEo4pBYZXdrlyfK0K52DmFZYJcEJLWHBzblFGInvA6hQtCvKSBDqCySljRyHZi17Ei3IQ02TKUlIUhkm4JJLAitGu0LZeyJpUES1JVMzAJSmYlyp6Za11PICC5CZo7QTFK7R8v6U53YpKmZKg4INjlI4GG5GewUajJ8Qx8SHWx8pLETFysxBJYualjwBFn51jjjFqyKmBZKk/McrEigCeAHPjSGuwkgSgW7RQKnAAKgpOXOGAd6gvq8MjgezlVSVFRVvXygBRDngKd5ivGmQ1yeQ5smIBuKff7TMYOWVKWPlJYg5g/Ol2r5RfNQUMFGrA3cilaihj3FyyCWEWY/FkJQkAbtYoGFkbly18v8yVuoTInEpv1v/H8yrOOI8Y9iP4tfEeUew32kl9kPX6zHKj0NTziKjHUjKE3jNLhHyp6CKVpYKrqPWJYJdG92H3jsWrdIeriNUVwmPsORBUzixdjV6w/2PJUyJhzZQJiUkKDIU5KgUkhsyTpfvjPSw8OdiUTMqATuuTcZF7uVjmPCzd5jP6h+SkTU6bHxcNIbQmKOTMpShU1DchbW8A4zq4IuLClBbhBU9ZSaCjEAkFgDwi3aSHw6VCrtmOoCaAdLRHhVON+YmjlZxajsfvvM92hCgoUPjYNDvBAdggcVeBet4QqTUe+EH4YqDpDvmSWNtR76Qwi6MTifgTccJxnYTUKBqlJJBA4uMpIIrYg84BRiVTJK5bpy9tnAJZQcKdk2IgrH4JJl51K3yKNUUbwd4TrQlJZyQak3Lg7zc2B43jroL1B9rbE/pKEu56k8vCNjsjCrEpK0hB3nqakB/qPOMxLwi+0yZXLXFQQQ4UDZiCC/OPoeyMEEykOACwfqal+BijCQFJMi6iywCxtsFbTkkiofXUjSGHxGAWsaEEdUm/hCJC8hBSkKOZhR2oX1f8AmGG1sSpZ+UBkirgpFHckd8KVCIbZAZnMJs+SiYFBO+zhAIDFgCwtaOxGFeSkBJACldopRBKjukENYEgUi3D5SUkl1AEPRiAqul2ED7XeXMWDmyLUgBr5MgJLuAa0/wBPSHvjPs6iMWUe0MTbXDKExADlP6aApAJYW/mLMBjBmEqpKgkPVVBvAFzuhJJtY+MaDYnw8mbKROmlVc+6lT1fKC/Gh8uEJ9hoAxkw3ysh+8v/ALRGd1LqeXwm10HIMAI22dKwyf74KS+6oEtlA+UgV1f3WE/EYeZKnjDpCAaudQJbBk0YglV3L90Z3bc8IxCwLaVpb2IabDlpXIXlBBAUlYD1Cklgz1Ni7ExzpVNj/U71zrxNk+d+f0P36TJzJxQEKOcEnM6VMWBq1KG+usFzzLEpKJalLClhSiRlqRvpNSTUiurAx3xFh1JRh0kpORC3AvvTF15hkjp3wHhpJKEF6FRFL9WijPVyPpySPv1mk+ApxM9UujZFqF3qqWDrUUB4841O19qJl9oht4STMS9lVKCO45fGPn3wvNWieFo+YA0uCDcGNfiZsuY6pqAVJSlKSNPzEs/E25Q7GrEakeZkD7iPaM91EgWPjpXwgLEz8wSbRfjpxmPlABHWuogRWDWAkEeEWsWkCqtX5y3MOMdHnYHn4R7Bbitesyqo4CDpGGQ9XPSCVbPYjKD1iFMLMLmu+dVNGTkUYNev0+kWYyWKRGVJULuInNizlxXcirk9rB5adIbjDKEiUpLP2iyKNolq3dwYWyZKnoD7rGl2phSnBySXqsqNGy5gW984xm5Ekz6DEUCqPO/4MA2rjM0rKb5m1NvSAZ6ZipICSMqQ5D8YJxsgCU5NrMzHrrZ4HwSv6E1QNh7aPdOtg1O533UXpwqqHg7wUZmVJb5uPL6xyl7vX7RUQ4aHIGIs9pI+RV0vcyWKxBXkDmgbrBGzdmzpqyEB25gNQkO+lCH5iBpCCpQAvQVp1h5sbE9nMzEaM46KST4KseXCPJtoGQgKTLNhApnZVNmS11aU3RXjfv5Rr5idzODZi1TcPreMTj8TkxC1hiCpShRmBNB1jW4bastckXFA9rsLiLFXwipA7+I3PMRSYGe706P4NBuFxqFJsxZmqYSTtogKCnB/aBkYhSVFQo/kBaHLhsSZupCsPjJHFhClJUwIsDq5Njwt4wBtvGqMuWFKJKS/zG1C3A/mD+cUbRnqmTMx4M/FqP1gfFooAfd4eUtYtW4vcPwW2ZstGRCt0pWQCWYgFRYk0fL3vSsUbDxQE85iAVEO5uag174js6UpSgEjMqrChc8CCQLP4QoxqsqsrV1JoQRQjxeMXqsOyPWfSf8AH51Hj9I3nqBWuxrQHSGPw/j0IlLDpCsxUQTXKAgZmD0r5Rndn4pzlNSWAP3gSeTmUAwBp1qD6geEIwA43j+tYZ112hHxLiMykEG2cXJbfKrmp+a8BYWeSAFOpnAqzfcXpTrHq5BIL/lBPcaxPCTNzISzKcUHB+v8w9ySLkeNQNRv8MyBmUoEEACli54C56iHe0EkBy7F3PPKTXneM98Op3j3esaDEK+bMnOMp3XYuQQGIqCxPsRXgsLYkHVAFqMUYUMOtYayxuuRoW7jFy0SFSSCDLnIAIzVzC+V0gOW1IixEr/l0njmPm30i0MCKqZjqbJBgEdFmQez+0dDNSWj6zMYCWmrisHZuUKpKi7P78Inq5Uk948L3hGNwq0JqZMZZrJhzRymBs8Cy5o4iCFLD0hnIERfFgZOSwWCaDVu6jOAYdfEKnkyA6iMqWCjUgOHPNiITzpdQBV9Bq9B5+sPviKUkYaQA5YMCaliAanujJzjbVNzpWFY7G5ngp0EcQXPK0QMkJkrDhy1LuDw9Xi+WkBJIvr/ABA20FukEd8Nxr/0hojJkrqGWLZTvraDZVRSBkTBwrF8lX8RzIPDqDjPj3DMJINFA1Bfwjp0w9oTVvXjF8heVBgWbNJhPT42OzD6vKq6Eli52ZQPAN9z3wXhpygGHU+EAFP0iyQs1DaRoBgp4mZWS2FwkrCjakWIBDtbhAiFsS0HCYMgPGG4SH795PkUqaHaVlT0rb6vFU2sWZ3jyWh8x4A+hiodpySwmLEpaVkAhKkqZno7FuYBJ6gQo2osGZMVxUs3dt4mCZ0ziIExhSolSXD6O9dfrGV1QBe5sdESMZg8hbWg3CycyklQJzOwYl2d+toAkpqxh5h1DMFqSciEJAcPbdGtN54jHvCW3SGA7ZQUhCbAjM3E266AtC+SrQu3v3384e/E8s7j6AcedRoRSB9jbI7VKiVFBSpAql05VPV3FQ1tSpAo7w0jdRSt4bhOw1AHu+sO8UKtCrZcliGLh+462hxtPDmjaAFRrc1HgG8YrwChuZ/WNZ1AZpv5dK/tDSRMfDoHI/7lQnnKZvf8wzlKeQVUDGzcVKt5Uik7MgQUJHs+UdAvbK4x0FxMXyWZLFbqs2nmDyjpcvMHpW54/vFU6vGJYSdl6PURBzXnvtNvg3DXeELS3yh21YxHDTiT3vFkybmfLTnFmClBI58YYdtrtFA8VPIbjXBI/UbFga5Q5urwFoebXVnkS6CiynkwBY9CBCfDpCsySQ6k0PMVB5aeERScqcruR+8LfF3Ah4s40SZCfMAQEgj8z+WX6wvUHABi4SFMo6DWkVhMVKo4gGSlzyLAyg4cCvhBEiU1Rwj0RNP0jHd2YzYRVWRmLaIgRHK9YsSItwqeOpm9S3js9p6E0jpJZzpFplEhxEuzcFNIpZCTqRchW5VlBsIYBToCeHq3pFaMGWdixLA6PwjzeBNGrDOnxldt3g5mDHw9p0xDNEchD1YgeL6R6ZxqGHh6cI8e/OKYvtAVWMBK4Q0VhnzB6AE6aB+PdCgmrHjGb1RA1NbowTvykpIyrQrgQfAvD6RNG8wGXM6aVAfSoADt484SmXV4c7FlpU6SWJB/MQ+rWYlwCx5RPiwkm5T1OVVFSHxKXy3sP39YVJxCkZAAN13uyiouSWbQJH+kG8O9pIdsrkVZx9dbQlmSjmt1g3WmMXhcFBNhgMcspBORhZksA4o2oI0gnFY8lgpKT8xT8wqak0VqYHwRHY1BcnUV05Uj3F9magsf0/uYemxI8xKnZ1BJlT/blv8A6x/5wYjEJEtSEoS2UKIZTZs4GqnsfWAlKGkchzYcqC8UKnrIXzAE1J9t/wDWjwP3jol2CuB8I6HUIjk0x0eR0dGXPoBG2B06fWOm/IOpjo6DXyisnnIm3cfSDpn5O6OjoM+8YtfyxBcVY9/qYpR8o98Y6Oj04JftG6f8RHuE+dPWOjoimiO8eYS57oN4R0dDMUVm7xRif7iu70gCd/c746OitJm5O8Nxn9pH+R9ICnfWOjopTsYpu4kE/KOpizAfN4R7HRz0hecnK+cdVfWAp/zq6/ePY6JcnviW4/y2h2G+kMNh/wB49PvHR0CPfh5Py/2lPxr/AO3/AI/WMzhPmHX7x0dE/wDVHj3Jr5H9sdT9IZy790eR0UL7pkOX3hEk/wCY9Yd/Dv5vehjyOipvy5Dj/OjuOjo6J5ZP/9k='),
(13, 'data:image/jpeg;base64,/9j/4AAQSkZJRgABAQAAAQABAAD/2wCEAAkGBxMTEhUTExMWFhUWGBobGBgYGB0dGxkfGhofGxsZGRgaHiggGBolHxgaITEhJSkrLi4uFx8zODMtNygtLisBCgoKDg0OGxAQGy0lICYvLi01Ly8vLTctLS8tLjAtLS0vLTU1NS0tLS0vLS8tLS4yLS0tLS0tLS0tLS0tLS0tLf/AABEIAMQBAQMBIgACEQEDEQH/xAAbAAACAwEBAQAAAAAAAAAAAAAEBQIDBgAHAf/EAD8QAAECBAMFBwMBBgcAAgMAAAECEQADITEEEkEFIlFhcQYTMoGRofCxwdHhFCNCUmLxFSQzcoKSogfiFlOy/8QAGgEAAwEBAQEAAAAAAAAAAAAAAgMEAQUABv/EADURAAICAQMBBgUCBAcBAAAAAAECABEDBBIhMRMiQVFh8DJxkbHBBYGh0eHxFCMkM0JSYhX/2gAMAwEAAhEDEQA/APNMXilJoKnSPuElqqVanXXnBCVBAJID/wAxv0/tFZWTvG5rFg1DO5kF7RwJcohN/f8AGsUFClqzGiRp8pE738+bxylgW+Wg7aulGObIzrKNo0AAiGHxKwAXcEcOBb7QYJQmkZjQcPoPn4hirDAqCgQAAAE5QwYBIHRkiHortzEllUbWiw440iKy5cUe8NkFF1S5ai90DKfRIHuIhlJJYEcHLloo2seDF7gOQJTJOUAa+784sXMrQ+8R/ZFPaOnyCnT1hOo7Stq9II5M7vHBc6a2r9YXy5HC3OCM1hcnjFk+SpJ3qQkFlWjHkbF9TBwzVgDES1Byl6kCsHh3qDXq31IEUrABdh6QtyTweIWM1KpqCGYxWVlLQwWUqHAi8LlFy2mvKNygL0MLGS3hJFTkRLuiHJvEpLDnFc+ePWABUDmHTEz7Jmmo0Px4lMDCrxUJlwKRXlDupzGq61QHM8VN34SKJrElni3vOIZ4l3TCJJAPWFd9TRjO6RciVC32ixMgMSeBYHi0VrREe9JFPX9YNdt28A2eFleGL3+eXnEkoY0NCajhFkiW3z50iE6SQqnHX5WDI7gNTL7xEn3SqmrCICZofeJy8Q8DYqY1dTA5CqdJ5NzdZZJlnMWNPlIuxGGpmB68+kCSJ7Rd3jivoIzdiCTQuQt6SqZMDADhWPiJyksQbWiKcMTYe8WGSUi49KepiTdKaM79uV8/tHR8yjnHyM3Tds0GO2aVTs9SjKlQBv4WI9QYsUARmI3bObO0bbtDgpbAqQ6v4FWZiTodHNDGB20CgBN0vQDjqW1iLTartgJLl0zhdx6dIOZVc2dqOKPHSlpFOFn48TF2AlnuitQyjQkDeJOhuQKVtwiidhWS5JSX1Bv6VjpJqe9UWtgUYwljKAojd6xNWLMxO5VL/H1gFLsEvfT7+8F4PCAboDA1+c/0i4ZCnXgRDoqw3BSah2hxh0JcJTUkgAAXJoBGeTmSo5bCgH6Q8wM8DKpyFhlNexpFiZAePGTOpE9E2T2MkoQ88d4s6AkJTyDMT1MZftl2W7ohct1S1UY3SWdn1cAkHk0brZ/aPDrlpWqYiUSwKVqAYnQPcPZoTdq9sIO4DmynMSLPUAA2N4hxvl7SjcqYYwtieXS9mZDmUFPo4ZvLjHYmaAks55afrDfHArBfd4coM/wKUqWgpBSWD7zhXMfjThFjACKVy0y/fOxJDEDhw4Qt2gpL3f6e14eY/YJrXKUseR5U15xnpgSVFLktw4/cQvM24VG4lANyUzIve1atW5QOjBlW6nS5NhzJ4w6wOzJbAgu4c6E8uXzjEVyt4ygacNBze7xzMuoVsmyuZemmZU3XxFRSlBIfMBqNePvAsxedVB+B5xocfs5Kk5BcCht5NoISYcZaNDAoBpukFgwHSWScCoco6dIqHDQfg5gIIbn5fPrFE+eFHUEcRDj2aCwYumNQSayeppBeDwrpq4zNS1AXgbFyipIZgXcN9onJmTkkOpTcwKt7j1iRMy7raVdiaofWDTUKBKTYmCVoGUMGAtziw4YqOZWsSTh2DCvU/arQDaju7RCXTHfv8ICXitctV26Q0lyiOHv+YonrNglR8vvAjOegmnAByYqUgmnnF8vB8VeQD/SL2VfJ60txasEhMxtADwAEYzkzyYx4wdOCSm/u3wxaFhqD2+jxLum0c6/3F4qUFH+EnyhJJMpCKvMhc1Lv5xeE5jW7RCXKUxoz8jHdwrT7/iNngQBLP2eXwV7R0D5F8/b8x9j1Hzmb18v4T0SZtFU9ASzAF6V4h+V/aFEyUmaCHDJdlavx619xDrYndBK0EOFMSQSNbU8/Qwln7GJnLyqAlslQG8S5AG9zJCrPSOThKKzKOKgaxcjqFC0In21OMxRS5YboSlrD78YF2qtZEtK0tUNW9MrmjC5jTS5UmWCFhSlf9cvqXeK9t4FPdSpilUKf/wClMkZdKfWL8WdQyrXHhOYFN15RFgwd1RHShc+vSDy4Q2vDhFipiShwpyw4U5e8T2ViGmISQCFGvKhJP36PHfwgsoL8gyRiSTLZWEUE8VG9vlhBGEYh2s7PQnpSmkehdjtgylyROmJC81EjRgWJbWoPpzivtpsWXKk99JQEqSQCkUSp6A1LJYt6mHf4hBk2i5nZMU3GYnHSUzUd0vMFFUtTkMAnMxIUeRIJ0o/NljsdLUAUVGhAOXyJ+sKsXjSZZRMKMjhhZnIzA16QdsbAqxE0SysZSSSQPClIetaqsP8AlaDLAHcYvaSABEqsatUwuSlLt4d16FsxDE5SGAOr9ShjVsUpmNLrR3DdWp5cY221+xOGmoZIVLVorMS54qQSxsLAdY85UMi1y1F1AqSUpFAU0OgpCUzKxsmPfEV6CF4vGjuikJNaA6HiSfmkIFDKSoMFWf59YMxA3gDRrPA/7MVKYa6/LQvPsfm+PxH4sLqAR19PtGXZ7DrnZmyhKbl6vVgBrqXbSIYeSyyCACDUqf7Rfs/Gpwv7sMpK6rNMwIs3K9OcDYhZmKz+F9PvyjgjIVzs6/D4H8/X8TtjExxBD1HUe/fWFY5QAZwR9elYVqwgNSWiScOtRoa8gST86w5HZSbcrHQD7n8xmTU7fjeMGm/8zPpwpzbgf1LdAB7xYjZhewfnf00h1M2KZZYzDzAND1ijGygGCR7251vADUhvhMYNMPGAq2eQn/UlgirV+oB4xQrArHiXKGvic+SQ514Qw2fhu8mIQR4i1fnKNXh+y29mBBTT+HQNR3c9YDJqRj4Yw2wL5zJYXZa1NrXSCp+xJgSWYMKu/XSPQpOy5aas3Kn0EA7Ww5UcoDCoJ6ije8Q//QLNxGIuM8VPOJshSbkF+D/rFeThGvwmxgqYrMHCRrWp1raM5tXAd0tYCcp4O7fgR1VbcgYGSqynIUrpLdk7H75yD4b8uZ5RpsN2JoFKmAjkDA3ZDZ6VylrmUonISWBNXADVUKdHHGPR9kSAUISC5a5+8cvWajKhAQ9TVTzZAjkAdJildlpYpmUW1DD7UgfEbHkoAdSndrAu9np5x6XidkggkGvDj+sZPaWFSC7fOkTNkzoQMli5RhzjIeJgdoYRSCQRQctNDCHFLOhtw6x6FtOVnSSdAfpGCx0kBWW9L8df0jp6TLvHMLUd4WIr7xXEx0Ud6eMdHU2zi9pN/Nlz8PMAYAkMmxCgeZ1cdYnKJWFKKkgFRBFQ4Dpuxo0BbZxvfrC8tClumU//AGJ84qwqFs9WPhH18o5C4yUBbgyzV5VfFwaHvj7xviwjJZK5mVqgG1AXMUyglYA3TuJTlDVCcxqdfEaGBpRdO81Het+VLRLA4ULUUiiT7gVZyXY1djAgBQQZynwk9OeOYAcCFnKg5UiuWhUKChIJGrX0GsG4bAykJyrJQouKklwb+EWNmpzizDpVhZiklIOcNe1aGzkaaRPEyjMIUpaU6MRxNAGFbxe2qyNjChqUc2CbP9ozSph30/U/T2Zq+y3aKVh0HDqUopd00qM1SGLUevmYP7QbYRPl90jMXIzEhgw0u7vGPwEhKVKKiCUh0ljUmjNeHI2atMsTQoAmybmtr0MdXR5EyAsRRBr58dfWS6zG2M7QbsfT+UTbQeWcpNCtK31ZK0kerNwi7Zu10SpneJS1CCAGzUZiQ3ryiM6QqYmWVEFRUl1NTemAJoL6CLMbhO5QSpImEDMSBXU1YAgXip84J5ky4zXEa4vtvJbdCyv+UhmOgVy6PGKRlUszHJWXJNRfi9IITNEximWA/FyPc0i2VsUrmrABYAmjWfn194izanDpyCTZ8p09Pp82Xw4i4YFM1Tnef68YMk7II3QggN1+kNdn7IRLIIfzLtD+Zg1SjvDl53jh6v8AUzkFKOPzOzpdEuI23U+EwyNjzQvKEMdOHz8Qtn4pKVFCgxTctblQR7BI7uagkskvlTzID/R/Qx5p2lwWXFTQzeF/+g/MJ02oORqYeF/xqNZvBBREddkNjJWvOT0A+r20Ebz/AA1LPkcD55xh+y+0kpSlCfEB5c6xtU7bbKnIC4LqzWZm3WreI8g3ZjvJHlF5zk4IiTbezUk523vnpGOxOE3FqYvmNXNgEsGfRzf+b02e2MUAHcfOUZDak5kEAeJYrrYU9veKP05iL388T2ZH7MEHxH0l8gmUZUxKQc5LigAUxAIagAZPR413ZpQyrSB4VuALALAUw5O/rGNw0/Mcit0An8fp5xquyBdMw6hQSaMaOR6hQij9Q7M42ryX63/WRgPQJ8yD8vCbWVhJeUboLi5FfW8ZrHS1Baw7JTYtfzj5jpqhMlHvpqEh3Qg7qmrvUpXnaBtqYnPvBTJSn61LjWgEc3PkTIqBVr30j9MjhjfQxSiYVLmZHLJDsdA9GdqH6mM92mkETWVdgWdzqHcOIcbNxhQoqP8AGk04VoPQwt7QT+8mBRGgFOp/MdfH3cIEYiVqiK8PwI17MSAqWpIAYBJexqVa8N20bfY68qUnlUdRaPPdkYgolrSkByz8709/eNRsDErUN5QAawvTnycRytYD8a+EVmQ9qwM0mG7SSJk1clClGZLG+DLWAmzOpSQly4IY1FQ8ZztNOloUCoKU50NB1gqXORnmqoN8Aq4tLQRXW8U41UqYMiyH0+1YU+pbKwscD+XMLT4thsxIZwW2QU5CMT2iYKLABj4Rw48tI2eaXLdk0Txu4oWGlRGH2mrMtze584v0a94nwlmWqIEzndfHjo7ujHR3LnB2ek2mLw7BAHEj/sPy0MCDLSxSQQprWpY8IWycapiTZ025KBHLSG+L2wJqctS5BLhjwJcXLRxX3igRxKM6rn7uJfAftUWCVY6O5DafY+UFT8QlAzSyUqAuQCAbPzpxpXWsSmYtCN0vUM7P1D34VbWLV7NSZbkFZUkkDMA4Z6Ne4jztZBYRWn2hWV2N+QiPaCd3vgtS1iqjmcqTqGtS4bhC7CrmLVKOcrKSkMxCWBuH4jzqIvxh7mY2YVZkkpLPUAgeE2oW1j7sya60gI3Q9eGorYXjr4cVp5/ynODbGv8AebfCS801yBvGvUCnlSO2nOCEqRnVmBATlLMMqTQg2cnqwgGWXBzAsym6gP7UfrFO7092jr48SIoVOAPCStkdmLN1l8udLTJUXV3uZDPV2mAjVqM9REJm1RKTmWlRJcinj6fPxC7FHdBJd1o9lij62gvEzSZeQgHKQU5g4D/PeJsmPIRxDR13DeOJbhdry82WYhCC4IIzGp5WJYMaNQWhnh9plKip/F4m5s9KUMIcLM3sykBKrOOHKLVjqbBwet44Oq02UNZv68T6PRarTbCkdTcSl3CiQ4ZhbiGuP1io7ZQpBTm1sb8oAwyBmKmu4rUF9aQLPQihAapevM8+UQjCLo3OwvZtREcbP2ihKgSs0LgBzXKRThQn3hb2hWmbMUseIs7kA0ATUeQhXPUHBBDg6+Z87QMqcc6XOl/XX/lFGPT7W3CA7rdj5QvAymU5IZizGx0teD5mMmBW7NAFadWdi/IVhJLnHIFGhFC3KkDTVzEplhy6bk3Lnj8MOOLc3MU7rtBI98TSYVSiTmLuDq921MRmyXUHSCKMaP6msU4FdR0+v9onNlKZwbAk+opy8T+UCFNcRuQ9AfGoZIQgCqA5u/V9IfbMxoluEMxaho0ZnEYEBIVd0pPha70fWx9I7E7NCEpW+YKALZSlnSDxqzkPqzwnJg3ggkxNo1L52JrMZtdilwKvx4WYikLcTjhkUEXVd+UZyfOVlBbKHYEGtlaP/SfhgKVtRYmFOZw+vTTlAjQ7Z7G2P/j0uFKUFpc16uPQiOwqMth5kk/2j5OClqpXr05xTPwykNmRleocXiwKdvpPFgH8LjBU12Ckf9SR7isMNkzxLW6MyVcSX4U3hagjNpmM1QOUS70mt6tQ+VWMA2K1rwnmCseRzN9JxalCZmysVAuRc5QKnyFY6SuWpYyuVU+NGGIUQ7r1disAcqG94rkzVg0mL6Zj7c4m/wAGB0M8NwFATTbbxycykBm6h+gHDnyjHbWcLNL6+3zpBsxGaqlE8y31Z4V7VUN0F3Io3QfmKtOgXgTMvCeUByCPsQzR9i2QUsayRmNNTDxEpMtIStnfxC9WhNh6LBGgP2/EMsLNBIzCoqPKxPtEec3x4ROn0bs3aIdvr/SRnygvKp9S41b+H2EMV4+ZugKyoCQ4CRXQAUoGFh94F2nOJTnTLLs5FXLH/wBQvxWOHdpWmuYBjZ9Pao8oWQXA49PlDxaVe1c5Dx19SP79YNtTDoO+U1zAnKN4vcnidX5Q5wEmWkJytbRVT1bxGFGHdaaspRPQBg7HNR9XaDMHKOZIAWl2qzgP/UAA0d3RYyiUxszma/MmTKWxrQjpc0hBBokqvThaBFnKogmx49PWC8XhmQAqv7ypBBoQCXSnTV4BmSQStjYgimmUV+/nFyek555MGxOUoBf+JJ88ziDJhzO7C1PcnpUQAUOGNaU03spy/wDpoPlqOZmexZ+lIMc8QmFUZPFyggy0p3QZaVUAA3uVi1vKKMPKmLVlS2arDpXzgvELfuSWpKbdUC+WaoDzb6CjVjiMk1YIO6QKh6FmfR2PCEZMKOpBEIOVaxBpWID1oeJDN5/rFikOKKpzf6wKFljr1+394M2xJy4g5CnKog/uwyQ9wEs2hjj5dAQe4Z2dJ+p7RTj6RdicLvJe2atB/KfWBZ0lQ/qHFNfYintDvDd4ULUSkpCkpylWVSneqE1dqOzM/KB0CW9DMR/SpRY9CSRxtExGTGaYTprmx5uVMVBFH18vsYnnsCNDXlSDf8KJ/wBMlWrGqv8AiRFapIzpSTUAkhVXDj6P7x4ZFY9YymA+n3nSJ6QoF2DB300+8FTVgmgDEDW7BjpFM7BtVi3FNR5irekAd2g1BHlf/wA29IwAeEaxJIuPjPQpCUlTMEixFXU4dmbeEWS8Unu2V/CWbiClLdeHlCWVmFAoK5E19q+oj6sKI3kkDiKj2jGF3fiAPpBCAAV4En6yWPnbqUgCpzHl/qJY+r/3hNOH7zz+0M5oBUCSxP49/KApiN/pWH7yxs+UR2QQGvP+sf7BmAT0Gt9HrQsKVu0H7flJC0jLlATZyagDjWoJp0jPYfGZd4OSk6UIILwVtPbH7QxyKBdy9i/AvyjAAcTAwMu4ahXHvgxl2ZMs4ll+BSFhm6KFqjwwqnzUCeSgF0hPne1KcPKIbOxvdTQsvuhVuaSB7tA2GZU3K1xU+ZHzrBqP9ORFMP8AVg+ke7OkZu8CpdXSRvKBqCbC9al+MfdtSWmSwkZEqSVXJqCxYqL+X5iHZTHKknEImAZsyPFdsqrPpasNtp7TlrUkZQ6k0H4bqYnykLiAUc+d/iMwlxmtj3ZnFSympNIRbTUM0OsdOLsQ3KM/teYy/KnzyjdOCeTKNU42WJVXhHQNmPGOivbObvEezSUgkeXzq0Rwyy1y5+eQrAapilAJfgH9/tBaJRElKwa5i/R3FNa19bgUUFocw8+QmgtgfmX4yWolTqZglyCXa4pZJpFgwOeSwDEB08TxfioiFuCRnUpcxTgKDvrZIfgKQficQuV4ahVgXcfc0ekYbsIvWc/J2gO+7IiuROy7yVNYneyhnbKouGemovGm2KEqUgpeviVQpdtChRe9Gs9YzKMDnPeLIBUrMsMwY1a7jWt68qssNNMmY8vwFT5A/QVV9WNo6WJgDRkmUbyTfM2MyW1WqFpZ2rS9bVYNCHHzSleagLO/UVpqILRjFTJa05SScrMpP8woEhLqJrQENq9IX7QnZgMwU+8CC4qDV+cVJkBJAkuwjrI4AuhK/wDcK8WLV6tBKVa8le4Ye8LtlzzmQh6GYhx1UH9Q4glSVJbUEUP1gy1QjLZMxRBFGSOHE87Q6WSZq8wynNLoS5SQEgvXUhRbSEqFMhVt4gWrSvlfzeDtjTgC5uFDmaA6HTlCt/d58oXUwObKy94hQAIv6gsKtp7wy7Qn/MoVuqKkoIZy2gCiSahvRoD2glpszMHNCWoN5IL5QGDP/aGHabDiVNlrJKgpAWOoNqk6gHziUvyp+X3lAHDCE7GQs4fE5MqQk5lJVcpAB3Qxbwj0vGYkFJUxHiUHpd29o0HZ2QVpnhKQwlZjmSFUAPhNGVwIa0IZUwFZbQg206kn4Yny87/l+ZVh4CH1/EsxErKWScoIdrj008oJVMWUAzpZKDQLBLGrEDW40OkTxoAppW8aXs5sxa8NmCEKS67zpyTqDup3eVq6xzcYGQTsZsnZtVcTJ4SQpO9KmEpq6VVHqKgiCTtFX8UjMdWUk+YzFyfIdYWTEAnMlagRUEAV68oJlz5tM7LGpF/+poY265sR+1xXBo+UMnSpShVCQTWob1H6xESUpqlKU9BEZeJQaBVdUkt7GkTVLDUH48oEtxzGqwviL8dKdSC48TdfKLFbNZiSwJars55ig62vFmMwiwZa8qsoU9Qajk/ykHyzLSHzJ4EOx9DQ+UGH7o/eKPxtfpAp/ZXEIrlI8i3rFCNnTU07oniLu3940OG2klO6mYpDcD+rH1ESVtbMWUQoH+JSU063IPqI8zE9YodovhMljMMSN4sdA1f7fpEdnTEyvEkk6H9PMxtMNtdA3CQof7w3lmdPk4MD7SkylMTLOU6gJHOigSDxuYwOK2NNNlgamUxmPJmKmIIGcJBcXKczio4ZbcYrweLUtWYl8poEsKMXo1vzF+AlSDily1BSkHKAczHWpYGxDU6w+n7DSj/RmJym6VhsvVQ/EOyAIgUDqP6fiIxPyeaomZnaM/MvNWtGPKFGPYqzPoPvGh2x2dxEtlpSFjXu1hf/AJYKI5gRncbKLpBDFqghvaDw0AKmO24GDvyj5FnkfQx0OiKlKJrVNePPh9YfScciXIS4zKL7tjckO3LXpCGSQ3SLu7yqCyC3Ej6x51VzR84t8bdnfWuZajGkIUkJYrorMCLhnHE/GiBxJBBUVFtQeXS8fJuIQfD89onhlkvlBIalSxpyIgwoXmT85j3hUsws0FCyRmWCw3jShIdrihGlof7c2YiQlBAcq8TqOgBpq28a08MK5IUEqClsbpoTVjR3LeoaG+1CP2aWsMVKyuKDQ5mfdpQMK2qWgHf/ADV8r/EWMXDQjsbgBPTiElSkslLAFLKUrOEpIVd20YwpxCVKRJTlNUEoZ6gkqLeZN60u0Muwk79+oHdGQud1kgAl1Z/CP6kuR0irtIgIRISQAQJiXBocs1QLMCFefS0PxNWdx8j/AAqKZO6IvXKVKWN0hlA1NPMiw5w3CHCpKvEN5JGrpSSA/DMPWFnalUsS8NkKc37PKzhNCFMFOr+o5jQaAQ7nYx8PIRXOiaVJXkAcLSSxJoSVEPyi3fY56RLJXMVB00NYJwmLEtaFNqCrXUgit6fWCpiUzBnFB/EBoevAwDNw5SQcig4u4b1Dj+8YcXPEHdUs/aSpS1hRJLHxV9TZgPaHfa8qC5ZAoag6GgcM5oGHCpPGM1hU7zEHeIDDWtreXnGh7ZbSCpMqUqWElJzFlAgJIypGYasxLjUM8TZMZAAj0YEmdsRZJmoZGYpcd4MxBAJdKv4S9Aa3EIe+IUoEl6cG+0MtgK/zEwnKD3ZUGdwMybaCnpCfHzimaanS594mymshUeIP3lmMXiDV0I+0eY6and4V0B10LxrOyoSqQO7eqlCq1itCd1KmFFCsYjaa1MkuwJNyQOLsHbX0jX9hj/l6/wA6nIalrPf6ViTTjgEy3UN3jXp9pn8XNl51uqahbkKDJIoWNAEvWB0pSAMqioPQlLa6jMW94t2sFCbMRlpnUz1LZjle+jQNJUWILONG/TlE+YTs4D/lqR5e/D8yE3CpIoASOI6/iBhJVXKoj392f1eGOFF6i/Di/KI7NP71OZilyD5gjjzjA7AH0k77eN07D7RnSQRNTmR0Njfdo1h+sWj/AA+fVQKVHVCgeh5ekb3YOKSMwKHBaroYX/mUH8ngbtNgJUwgpkyypIJDgVfQ5aEV+karjsu1PHy+dSRsgL7K4mUT2XkKAEpeYNorKrzDX9OkCz9hqQ++tPDOkFv+VPrCecZ0uYooUU1O7oOQ5ekX/wD5TPCXUApILUCTyNKE+ukN7PIeVa43d2fJFe/SFnBTE2UDxuPyIjLmKDs6TrlJS/UC8V4LbcqaWXOCC7MQWH/Ygw4mYEOGXKWWpRbt1yke8DTKaaNGbGw4mUVNAnKBu6SCf9pp6gesaJO2ZhG6XDVSdOj/AKQv2v2dmpn96mUvulNUgkpoHejGvCBjNykshSm4AGGvtyhSPAROAgbyw6nymgw201ZWz5dWIAH0Z/OKcThpM4EzFseSD62AhZKxYNwtP/FTDqyTF0wDje1fyx9oxce2OLI0J/wHB/8A7D/1P5joAYx0HZm7F91MjLwwu7VtBU7FgjIqnPjpTnFaMWn+URTisQkqAyPw18mh9F2oiRDIMKEoevX1lScITbKqhuSOTDKQXL6kCl4OwGEWgHclglrur6qIi7Z60pBUXQo0AS1tSSPoIvmTyaEOOpP2EYzt0HSTrjT4j1hOzZgOcKKSWTYGjAg8GFmgrEKSMKgJUkqIFCrw2O6BQj/cl969IDwqwlt0+EAsngXoeFfYRcJoMjuyhTB959W1LFRoajNCiLYH1EApTEkdZTg8YqUpKwo7pdswDvo2Vz76Rd2hUVCUoqlhRC8yZanYlZVVlFqKAFT4TCnu60ty/vDP9lSZALJCkLYly5CrAhmoQav9Q/Rx4ObkrPJdoZaVfsicyMxlSgsJAd8oUM5FQcpF+ENJuKCVELALJSE3G8C5ZtL3o/GF+0VpIwaUlDJyhQSxJL5lKUdCbN/TziGNIUEqJL604835H1ipMfFRLG4XKJlzJiwAEBRCg4sTS1HtwvzizG5kDMkvKVUVoIlgv3mdwGLctA9hc/WCsGZaVHDmygSHsCTavzzg8ZIUX1g9n3bmelTzmuAeLs3raPu0cWZgSCoHKlhvWq7CKNr4NUmaxsTQ050rrp6QCcQh9RE+ZzDx4xc2fYpKTilAqdZlBnJLnddI4tT0hFtZCu8qKsPxUcaQ+7BTv82hif8ARIcJNSMobyAFdSOcI+06FDFTkkAkTFhwwfeLFtHBfziPMt5d3vwlWA1iK++Ll+PUpkvelHB0uQLXbyj0HsGg/siS+V1qe38zajlHnHcLyBeVmYUNT9R7xueyKv8AIkqSFZVqve45HiNfSJ8VDgSjKDVm4l7WlsZMDaip13UuacyYVSZgduUF7UmhU5W+zkUIP8gP8IYnnxgEL3gBwPDhE+QCz+86mnyMMK/t+IahdSK6RXs6Qpat0sRUV1Fqxw8TcvcdI+YDFiVOS5oTViXAJbzIaEgcGutQc9kT0vY2JVmyMFPXeIAextLi/auHAL92gZrsol/LIIH2Pg85UpE9aWZinIb/AO9B4RdjgtOVBmvm4pTYVukDWEhN2jNn2P4znbh2nE847TyO5zMSzbrpSSHc+IJsPtzjF4XeTlzpo5qSHq7BxU8o3/byapIKHQoFJLVzBhq5YAx5vIYqokBjxOo/SOl+nW+IEw9SxAEm3IEQz2RhVTC0pSkrdgkVBOjC7+sASZYNPzG0/wDjnZiVTZii+6gMKXUb14N/6h2syjFiL+URgHe56QjAbU2nhmSpExaaUUhRJ6HK484YYbt9JWsonS0yZgpvULuzZiCDXT6NHomDxbIBUlQIFSShLtrvKFNYxG3RhSuYtPdZiSarQpyS7KSkqSblzeIMwx0G23fiOI9G3MR7/EKT2ikKSw7pXUfZ/YGF+LlImJdJS9XCQQPTN9BGMx+zgpZWhpQ/llsEs70SGEQC5yPCQebMfaDRAB3W/YylFZeqn9ppf8M5D/1+I6M1/imI+GOguzb/ALCO3nyP0mflAs9fb14w2wkod3vAPoXFfQPAOHLOABQl68H1hxKmESsxBpXjc8f0inMSKA85zsChrLGCZA+nqYoMoA7oDcQWPvBuGxAUXRd21Jet+FiYGnrUd6hdrcuFeOsYga6huqBdwMvQksk2JFXNra1+NBsqYruGTNZJd0lQDlTApoXtoWGlXgGWFBw41Z+BDgvq7mGckzDKIKlKAFhNABBuMrFxQ0P8whwx1RNdffWIzOC1C+nvpFicOkXAgkK3SlJISSCQ5ILWJDtrEGULU5W/vESDq8dZUF3ISeKg+Nmd3lVfeFLXBFeUNMSAJYe5X9AQKdAPSEu10NL8xFmz8XnQgXIDE9Le31jb71RLXYjjZs7K7uQ40jtp4dXeuHFHQQeFfV9IGTLJOvJ2/WL508gvnDgu7mnKvl6R48RwNiozxGHRjsNWkxIY8iB/Y9I8/ODUglKqEG0bDZ+LMidn/gUN4BzQ1B6i/QmCe1uygtInyw7jSvnS8TZVvkTw4NQDsNtDJjJa5kwhCJcwVG6kNmcAC7lRrqfIibVmCZiJxz94yQStiHUmWkK8W82ZJu3o0J8Lily1OlZSRw1q9eIcAseA4Qbhp65sxRWskrzOeOYkmzM5V7wlQGbmaSUFiTmzx3aGUXBNHFOnH5zj0LsnMSdmKCl5SStzR6qYM7AnSPOkTh3eViz6m5jQ7B2x/lZmF1Kt3ey3Lmrs7ux0byMwQAHiUs5NcwfbmKScQvIAUkjKx48x97QJLnArA4j4Ijtece+U6yVE1JSlJJepIS4Bd3HHrEE4g7pvrpWE5MfNyzDm7m2+kYlVUnSlI+TFjvGaxu/2gNM9xpf8W+cYji8Yy6OLefp8pE4xkmo1svdsTf8AZnMJiUBylQJVlUoMKMTlIo7D/lDXtHhkiWJsszM6Sx/eTCSCdHVZ2txhf2KCVKK1gpJQwckOaEtqbekOdoSAohKSpqqO8s+HRiaVPtCgQunO71+cmdry2J5ftlKjMXnUST/MXLaAk34eUZjBllHdSOiq9KqLRsu2ckoxJSAGypI1NRV3revnGPw+KZShklmuoPHkYv0PeQH0EzUOKBl0tQCjuj3f6xrdkbRVIQqZLA3gAeRFfmkY+YreNGeov+tI2Ow8SUJBKStIAJFLChpTr1gdeoKgGM0fJI6z2VBYD92qw/l4f7ox/arFhUwprupLgsaCpJHAcYNlBU0Um4lKdMgQU+R3ir1MItuYNSFjNNnkKHiVLbW1g7UtxET6oXjrwm6VVXJzMfMUlyKUJ1j4pfxx+YjiiQo0Qas5LHhUNQx9BHACMridMEXU+V+N+Y6Prx0ZzG92Ik4pZG6AASos1W9OvxnZSi8oOH48Pfn94QScMa51pHAOHrdxRoZS8QQlKQoMABTk9Rzt5kx1H0jECvOfO49XRNk9JPDEZiQetXLqB8Jsk716N5mIKxJzZS+Z9W921giStJClKWoAADdAL015Ugf9pD0KiT84Qao4J9Pf7wC4IHv+0v78EuVer/QiL5SnSWGYXNHAYXLcHgDE5efp8+NDXYU2WlJLKJq7IUaNd0g8NQ0E5K4twv5cQWa8hBr5y/YE4mYQhKFOGVmJZiQ9uj+Wsbidsf8AZ5Spq5aZaMpcBya0FMqVC/6R532akhUwpDDdIcgtcP0tHpm3tsLVJ7o5aJBKxMS6sod7jeoaam3OprBFGKBsTK9ltjibNUpyMpDZSFM5erOwIBTcG5cEAw/2x2TQJSylG/lLLyu3NnaBf/j7EOFqSlS5hbM8xgz0YAX0rw5xssdKWqUt5THKapUFKFHoghlGloDI5DwQoImK7G9nyorRNlJWEqDrzlJSCLAJ8VuUF9tNiyJEkFACCVAOSovQm5URo1op7PY9YxH7sGalSRmCf3ZDrSkL/duFZQokg6ZjpBvbfHPJQlUspcGYklWYsARYgF9639QjTu7SFtqedYlQAuLBqg9en6Q27L7TSp8NMPifu36OU9bn14QBgky17hYPQE0Y6ff1gCZIS+6sIUkuksaKFiL2Ma13YhUCJDtRsbuVkjwk0P25fOIhbsuq2voQRenKNnLxIxkglQZad2agaFqLT/Sbg+WlMbiMKZa1JUpqHKdFCFVtYEdIDC1qcTcM+84oWb0/SC5oyznAcEi3PRxCxCmPiFOv4httcb6TSqQb8z+kZV42PqPzMunX5H8S7bpzTSQxer8dX/sGrFDbunG3xv0ivaU0qXQAcgALkmwprH3CL3VOdOXvEeQcXLMDckQhSwx0oGYRDEmoIUQeHwx875yavTl1ahiJncj6wkLRjy4Imx7DGZOUR3hUZakrZXAUICnNC9QR6VjabYx/dy8wCXeh05jX40YLsXikpm+FZCg1FBJq1ykh/wBY121dmApUpUqcopDjMtSkgCtQFEAAQh0BRxXWYa3C+k8/7R4/vpxWzFgCxPkOAAFPWMjhBv8Amfav2h9tacHCQGA0ej24lzz11hLhpJzEhtf4kjQ8TF2hQKAOgitS1jjwheIKXBBckV3WsesabZqCUpIAqDfqeEZUL3Uuzh314a66+kaPZE50gA+G7s1YV+ojjiUfpptqJqew7HklEmVllrTuJoCkiqQ7Op26wk7XzVzmlpFUFzmCbkWfMeLluV7QTsna8ychJKVCjMCkBrOASARSnpCbthhe6TLmJUpI3gUsRetDa+ghGYk4e7NxJWemPMxm05gzkKIzDxHidS4DV4QMJY09jSPs6dvHdDOWrFoSCHZoEWqiXIgY8GUt1jou7ocI6PbhHdg0xzcYskyiSwryFTBOGmpADJdZNCQ7V0FvV9IZyZqiDnUANdB6NWO72bHpPky0ViWRcetGi1Ev/a0WY9av5s3By9OXzSAO8+PGciaIfMmsKjoR7/OcGbIxzHmSNC9FBrCtTY04womTUnS3Bvcv/aPiVji3lAVuTaYxz3rE1mxMPNKlCWlQUuYpLBQpqzUcdBRvT0nBftEiWXXLmBIfMpKmIqDZnsdKx5t2Xmj90M4B7wGovmLWcEg8jwtGs2viJEgqQuXLCyCQtlkK51mKDaGhvDjyADB4AgnZBJGLmSsMtBylTu5QQDaXXw8D+ka7Gz52VQWCwG9lQkvR2yk1MYzsbs8TsRMIWhyD+63hRxvZksaejm70jTY7spLIISpIJFwqaSmjhRCptb6+hgXK7uftMXpEnd99NR3aFEpSpxkQlTBqFJagtcs8WbckhEpQ7uclVfFLlZDTXK5Pnxijs9sxRxc3DrWolCMyVMAbpo3DerewhptfZwlh1rUCASKXZJUwKU8uVoOxuqFunn0khCqpKdb065WFOXk8C4pYKiRRzz/MEYxTrJykAswIP44wKtBNaekayXxUwGdhMeqSsLSHA8af5k/xDrqOYh3tnAonS0rRUGqT1t0/vCLIYYbCxuQmUvwKtyPDpCQK7p6Q+sy05WVRSoMR8cQTi8UlRSXA3QC3TW1Y0PaDYwWlSgHWgeo+fni+TRShDHqD94FgVBXzgULvyhZUFVeJS1ZbG/P9YFL6fSJAK4QkrcYGrkQlSybsfWOzcvnnFKSWj5m5wO2bvM1/Y3HSUTCJjJdNCWyvQMeCvxHoZ7QoI8YIF3ZhzNrUjxCXMDvGzwPbcImKCpZXLWGUxLsQwYO1OLVc+c7YO+SPGH2vHMRbfIEwlLkKJPk9Oh5GsJEyi53SzK04pP5iSpijcvT4W8o+yzXxEdH+0V6ddlCLyMXuTlSzketwG8vnvD/s/LDEktWlA5pasI5ZOVSc6i7HWpHU1v7Qx2QVDMkG7H0fjCtaLU1KNF/uCetYHZSu6lLlkjLLFS5IpUDROrs0ZntXjyuWkPMUCo+Jsgam6WBJYh6a3vHzYCZUwEGUhKkZXUmWCoigclnfNrz1rF3bDDKTlSxyg0cAXB6cPrEbfACJfjUjLtJ5uY5SH0iUrCjiR0pBM1aUmo04R8CkmF7yVlyY03XK/wBnHFXrHyLPKOgL9Y/sx5TL7Mmk11Lj3FuESxGNU+UMByHDrHR0fUqe4J8R/wApCUM1yY+qw44mOjoQRzGiRVJAsTeIzBS/0/EdHRlCehuzpIEyXe4PvHt+2dly1pkBQKtw3UTZAL11LVN46OjzcEVMEz3ZfCoG0Wandqo5YGlQNDf1MegzJCa7o+f3j5HQvN8UMTCY/DpTj0rF1GvkTQcIZdvFZMKFJvnSHNedH6R0dDD1WbPL8QtjYafS/Xnyi5MtwC5t9Od46Oh82TlYcWc+34j7Nwaefzyjo6E5/hjVh2zjmkpJqSSPK0ItrbKllRVUFnoaH1jo6Ay/CIAgMvZ6Dx+eUXjZiHFVe3Llzj7HRMZ4Sr/Dk13lU5/pA03BJGpvqf0jo6MEwy4bPS11evWPqsCkOxVTnzbhHR0GIMGsSH4xbPlD3+7R0dBETRLDLYnlBmDJrWOjoVn6x2Dpca9ncYuXNQsF8xykGxBLNRj7x6H2rwUv9hnTAllpKGLktvpGpOhMdHROQKMpQntEPqPvPMZxzUOg+4/MQEoUNdfofxHR0JTpOhmHfM+5OZ9Y6OjoOhF7j5z/2Q=='),
(14, 'https://images.unsplash.com/photo-1501785888041-af3ef285b470?w=800&q=80'),
(14, 'https://images.unsplash.com/photo-1470770841072-f978cf4d019e?w=800&q=80'),
(15, 'https://images.unsplash.com/photo-1444491741275-3747c53c99b4?w=800&q=80'),
(15, 'https://images.unsplash.com/photo-1509316975850-ff9c5deb0cd9?w=800&q=80'),
(15, 'data:image/jpeg;base64,/9j/4AAQSkZJRgABAQAAAQABAAD/2wCEAAkGBxMTEhUSExMVFRUXFhYVFRUVFRUXFRUVFRUWFxcWFxUYHSggGBolHRUVITEhJSkrLi4uFx8zODMtNygtLisBCgoKDg0OFxAQGislHx0tLS0tLS0tLS0tLS0tLSstLS0tLS0tLS0tLS0tLS0tLS0tLS0tLS0tLS0tLS0tLS0tLf/AABEIAP8AxgMBIgACEQEDEQH/xAAcAAABBQEBAQAAAAAAAAAAAAADAAECBAUGBwj/xABGEAABAwEEBwQHBAkCBgMAAAABAAIRAwQSITEFQVFhcYGRBhMioRQyQlKxwdEjU3KiBxUzQ2KCkvDxY8IWg7LS4eIkNXP/xAAZAQADAQEBAAAAAAAAAAAAAAAAAQIDBAX/xAAjEQACAgICAwEBAAMAAAAAAAAAAQIRAxIhMRNBUWEEFCKB/9oADAMBAAIRAxEAPwAhCiQjFqgQvZRxAoTEIkJXVQAbqYtRbqYhMQK6mhEITFAEIShShOEmMhCSkUykBimhOmSoYxaokIkJiExA4ShThOAgYOE91EAUrqhsYNrVMJFSY1ZSY0OGqLkVBes2Mp6THhHEfApKVum7z+RSWE1yaxfB0VWgq76S2zRBVWrZ12QyGLiZRCRCtPooLmFbKRFACFEhEIUCqUgIEKJCmQmhOxEISRbiGQkMjCYhEATliAAwlCJcT3EgBwmhEhINQ2BC6pNYitYiCmspSKSA3VEhHIUCFFjBhqK1iQTucpYyDlEtTypNCzbAq2tmHP6pItpGHP6plnLs0R1VOoiGCg3NijiFq0RZKrRVWrQhXWVZzUi1Ck0OrMipRVR7FtVKMKpVoLaOQhxM0BFa1EDRrRe7VOQkivcQn0lcNNN3aSmFFIMUwFZdTQnsVbhQFwUCplRVWSJrJRmUVGkQrICylMpIhcSKm4FDIWdlA3IRKK8KIposKBhxSDEa5CiXKHIdCa1Qq1AEjKFVxyzSCwVavhqSSp2Euwg7cM+qdJpArO3q2IhV3NW/3Z1hAqWRuxZRz/TV4/hhFijfIWtUsY2KpVshG9arJFmbi0VxW2qYIKG6iolpCq16EQtFAZhVu7IyV7NR7tLegooklMXrQdZkN1lKayoNWUHPKC5xWgaJUBQJ1eSryolpmY+SohpWkLGdiRoFPyoimUWs2owcjmzoRoqHkTLSY14pijU7NKKaAChzKorCmkRCK8wgOBKVtj6BOchlWadnJVuho6c03JInlmYGk5CVqWTRPvFalnsTRkMdqsikAubJ/RxwbQxfTN9AgeHBJaZCZc/nkb+NGy8oVOsDgcDvR3tQ+72qFMpohcByKc0E1WgYluY2YKm60PGsniFsrfsh0HfY9yrPsqPZLfewR3mdivZohxRlusexCNmI1LU7pMWFVuTqUGUwcDmpejc1bNJLukbDopGiNYUe6C0O6UXWcbEtgozHxuPJMaK0TZxwUfR9iNhamYKAChUphaTqCF3CexLRnGdQQnUytOozUoGgdQT2FRkmkSYhWqNk2iVoUaEKwyklLIEcZTp2cAZYq2ykAiEBOCueeQ6I4xBqYpFyp17XBgasz8ljezpGvSLNSo0ZkBJY1or3zicPKUlosP0hzO3IQ3hHQ3BQ0aoEExjYpFigQls0PRMzNJaOkS3A7Rn/AIWRUt7qeD2zvGfFdQXwo1KDXDxNB4gLaOau0ZSxnMs7QMwIc6JggmBgYghdBZrZTe0Oa5p4FUNIdmKFXEtLXe8w3Xbtx5yqlHQNSkfs6oIPrd6y9O+WFq0c8b6dGdSXZ0IaE91Z1Ozubk4jbEweRyVumDrKi19KoMGJnBSBSLJRsFAiAoOIU3tAzcBxICTKY1EHmCnYqK7hOpLu0U1mj+8kwqg4jzBHxSsNQJpBSuBZ9s09SYS0eJwwI2cSoenh4J17EpWlbBJGi66Myq/prNRnkYWDbdKFjozO+THLJZ9o02YicdcZIjilNX9G5qJ0VXSYMwDxPyH1VVmln4iGxv1dFy7tNxqlDGnpMNEuOQAknktV/MkuiPMdcbc46/6R9VF7nOBDRG8mSVm6LsdeoC6pg3UzWd5gres9mfAxujofJYSUYO1RtFSn2Z9CyOAkyJ1kY9NSdbrWgCPikp87NfAdA4KBCtOYhOar1oysrlDq0wRBVksUC1RJFxZnOp3cMSD1CrVTUbkSRt1jitdzVA0klJr0VqmYfpRmb2K0KVeRjnrU69ka7EjFZVrtXdm6cAcAdSbj5OF2Q1py+jVAB1qTWLKs9qOExC0aNcbVjLFOD5Q1KL6DqN5TDwouckth0gNWqNYKyLVWoHAz0E8lrvVd9IZwOi3hKuSXCzn6uke7MkvcNWc/ILGt3aZ5J8Dx1grtHAf2FVrUA4RGHxW0c0faJeB+med1NNH3cd4OfNKjpiq4+EEbwJ+P0Xc1NDNdqjlPxTU9AUx7PDctXng10ZeCdnAW20VAYc1wcROOEg8VTJqEwAZXrD9E0yAHNBGfNNS0ZSZiGjiQEL+xL0V/iS9s8/0b2ZrVYvG63XAx5f8Aldjovs1TpDDmQACeJzW5TA1RyRLq58mfJM2jhxwAU6QaIAhEAU7qYvAzIHErn1b7NXNLoUJk/eDViknoTuzqS1CLUZQcF3OJybAS1RLEXimIUOJSZXdTQQVdIQnslTS9lJsBCr2uxNeIcAdxCt92gVKbgSW4jOD8ktOeGVv9Mf8AUzR6ks4HDoZCjVoVWiRjGe3otRtfGHiOXyRMNo5ocske+RqOOXXBzztLNbi4gHY7DyRTb8L15scsuIV3SWhqdX1gL20ZxyxWX/whSnxVKpGy8APIT5qlPFX+yI0yXUWW6dtacLzZwwkYTlKhXtEa/iUm9l7MI+zmNpJ6ycVatWjWPABGWUYEcIWUpY74s3jDJXoz22wDGZ3QVYbav4Vn2rQlUH7NwcP45nflgVVfo61txDmEbMQVooYpezPfNH0bbrXuI5YIXpuOA6lc/ahagJuTGd1wnfhrWJXtNodgGP4AXT5Yqo/zQfTJl/TNdo7erpENGJE9BPGVnu0pfm6Z1ZGOUjHiuT9Dr5uov2ZFxWrZLFaCAMWjfmtPFCJk8s5Gj3tQnF0Aapj4LQZpUtbjHGf7+KyDocsINR526zjujJHayztM3XuJ2/JElFgtl2W6ltc/Oen0R7GwetjOralYqLXDAOAmRKt+gMOYJ5lYylFcGsYSfIN9pxgEA7JE+aSuU6LW5ADkko2Xwtxf06xzVElHIQagC7DkI4FRcExClilQJkJTKbmoZClxLTGIUSFIJ7qzaKTAuZOBCrOsY1YK9dTXU1aBtMw69iq6iPP4KzZ6dQeuWkaoBkea0i1RKU22qocaTKt0oL2VNV3qforpcFErNKvRe1+wFNh1xyTOaiOQypcLKWSivVs7TmAgejNGQVwhRLVLi+kWskbtopmmoGiFdc1CcFSixOa+ALifuRsHRThSJUuLGsiGDUphIppCFAUsorySgHpK9TPc7JM4KHfN2jqExrN94dV3UctoRYoFqc2hnvDqFA2pnvN6hOhWhYhQISNob7w6hQdaWe83qEtQtCcDtTF5TOtDPfb1CEbSz329UqHf6G70Jd4qxtNP329U3pVP329VOqHsWr6YoAtdP329VB1tp++3qk0OwzgoxuQfT6fvhQ/WVL7xqVIewchCehu0nR+8b1UP1pR+9Z1RqhbfoQgqJBQTpeh96zqonS9n++Z1RqGwRyG4qDtK2f71n9QUDpaz/fU/6glqPYcgqQJQzpWh96zqonStD71vVLUNgxCUKu7S1AfvWdVE6Xofes6o1DZFgtSVQaVs5/fU/wCoJIodnRVJjBnXD4AoF73m/LyKz/1ZaHYO8I2h1N07y0tw6lU7Z2ef94Nku7vbr8I+K6zhd/Df9H1wRyn4Kq5gmPFOySPKFzjez9Vri5r3jfSqtaTxbBB6q22w1w7xV7Rj/qAgDaAGGSkM1alP+5b80FueB/MwxyvKnaOz7Hz3lW1PnC6SGtx3Na2earWXsjZ6c3WVcYw7wiIyxa4HzSDU1oGt/LH6p4aMS4gb5bwx/wAqgdAsj1rSDur1XEcy8p/1S0AS60CMi5znEcJJUsaTLNSmw5VHcBdd/tJUm2Zka+Jbd84Cz6ug3uxFstIbqABaes5ckF/Zem8EPtFeodd667ZsEjqpb/S1F/DVFNmYeNkBzTj9VTtlts7DcqVabXZw9waehWQz9H1IRFR2HvU2u6+P4Qp1uwNIgS5vh1hjIPFpmeZKi4/S9ZfC339nd6r6TuFQO8kSpcESWjZi3yJKy6vYqjIuOiPeaRic4uXQOidnZhzf3tUg6qXhH5ngJ2vpOr+Fmq6j77Rqm83NJlNoEhznDaGyPytR2aAY5oD+/A1hzxB4hhhGboWziLtGnIyJptJG2CWEiVLmi1jZg19NWUEsNdpcM2guvD+UYqpS7Q2SS2/GMQ+m8TwvjLgultOiWuI+yZGuaLXA9cuiDV0BZsnMpjdDGnoEKaB42ZIt1mnB1OTsddJ5SE9a004xukcSfmtRmjaVM/Zsp75DpjYCSo1GQPDT5B5joAQUbi0MkWumNQE65MdckR7gPYd/LfI8itJtN0TcA5keQAlNSpaiZ3lgnqIwVWTqY1qrtAF55aDhm4Ox/Cb3NAZZ6LvVqk/85/zdI5LfFmxwcBOxsDq6UdtndqId/e5Fhqc4dGB2M1Dwq1PqkukZZ8fEISRsPU6ajbw73mmJhzTwzEgncCoP0pjhfJP+m4ZfiieSwT22snqurNbjAEAY/wDMHmEer2rsrA29WYL+LfFSxEA5tcBrHVdBib9Cs4jM46nNI+OSkWPJ9YRsgeRlYtj03TqOaGmob4Jpnu6oY5rReJv3bmA2lbTbLfAh7NRyLwRntGe1JtFpMCbNd9UwNkujyOCZ73gerP4cUVmjXif2bzMyQWwPwifism01bcC4Ns9EAGA41nQ4aiAG4HceqQNUXGVr2Elp1jGRxIw+Kcg6nHjE+axzaNIEx3DBGeNRwP4T4VYs4tzpvWamBq/+QZPFt0x1KTBcmg38R5tIPwTmdxHE/IJ7HYajhNQMbtDSXR/MQPggad0nSsVK9UElxLWgmMbriMsYkAYbVnqbJ8BnRsn+96EXt1wPxAFeZ2b9JBpn7UsqU8XA3gKwZMQWtEFzTebBuk3QcJW9ZO3thqxFoYw7Kstj+b1fNS4Ash2YqUzmWncGf+qGTSGTBG5nyhYrdJWYtvMrWd+9lSi4eTpVM6esPeMm0WcVDIbLQ4/1NBAGBxLoU6Mryo6VtRo9jDaABHUopriPqW/VczV03Y5k2qyFpyJq02+TnqlV0vo8A/b2YgYkB9M4DXDSTG9GhXlOsdaQPZ6OZ8yhVrWBkHHdcfE7yAVw9DtXRe+5QLapODW0y8ngB3UnzXU2TRNtveKz0WtgmfSXEzqDgKA8iUeMXmvpFltsOtl3nn+VQrWgx+zMHe4j5I9n0Za3NJe2zUnCQ0NfVqt3SB3cjlKybb2d0g4kh9icYm93BBnZDi+RzQoIHklRJ8zjA4h3zb80Jzok3XYbDTx4XnBZbNAaYNSPS7OG7O7otwOHhAoGSN/Vah7I28j/AOyEzkLNZx5hgPKVdJGXLHvHMF/BrmfX5qbHuGN485J6YhZz9DWstJOkGOaDdc4hjGhwMEF7MjOrNZVl0QC6WW+ngYcSXzv9eZ15opC5+HSuqDMlx4SE6BYXWGjLatTvHxjUqDwu/A3IRwCSmyqPM9HPtbHtNSnUug+q+lVcbsyQypUHSXmJwWnXrvcHNDK9NxLvtbtOGgyboYCe81Cf8qxU01WZ4TQdj7tRmI5tkodftM50AWRzXAnOo6COAZd6BdaORt90c9+pyx181KbjIJD2NYXCZkBzHS7eATtXX9n+2w767ULqAAa5txvgJDh9mRibsNBnXB3TUrV6rrpp1GhpAvNIqMe3k2mQ7qFj2uw1XuPqkSbo+1BMHAll3EnjnrScSlP9PosWhpDSAXBwEYbYzBywM8ijd2F4b2f7T2+x0nsMVKYAuCpe+xu+6YIAjC6TA1Rkdyh+ke0WppZQsb315P7F4e1gM3HEkQ3KDIIzjdDi0brJFnqrWjEeamwDlqWBYtI2ltKiatmrd4/9qW905tFwgGQ10lpxiLxwM6pLbtIVm3RSoOc5xIBqEMYABJLjiROQgHHYMVNF2bF2JheYfpP+yuwAWvcyoLxmX06oqFgJnO7BPs3gvQrKK7w4PDGCIBpvJdJ2XmRrz26ggUNHWSlOALo8RqONR0CAfWJgYjKBkgGrPmi36DcXvdSpEsvuu+J18Nk3e8LnReiJg55bUezdlnOANyT7Qmq4N/mY3Dmvdbe/R4Jih3hDhBo0XAvMyQKjYDoj3sRMTkoWjtHZibosbzdOBNBkCAcY9nZij/hDv6eN0+w8g4Pac4Y9xB5uoj4o9k/R1fgRUmYuhwcSdxNNvlK9jZptrw0Msj5InxU7gHOMeSI3TNpuC7ZO7drD3mN5F1pkTtI5JX+CSf08tb+jKtTcGik+MD4wHDke9DQujp/otquaPHRYdndg4cm58121i0xaibtaxOjU5j6ZGvFwe5pAiMgULSJrveHsqVqYAIutY0z+KQRt1HPklsVomN2Y7KUrG0EXXVcb1S5iQTiGjUOAWs/SrA5rXENJyDjBMCTG1c/Xs1aq26+q8jWIY3Xh6rZkbZQrV2aZVc11oqVnlvqSQLmWTokZDGZMYqbRai10jb01X7tvesewOkQHkAO2hpc5ovRJz1LLqdp795rKNZzwAWlrAWud7ge2W5e1JGO5Gs2gLMx14tvOjBz6jnv5l2BGS0y4gQS27vj5lKy1BnNvqWi0AtrWcURgQ41iyphupjDhKjU0TWc0tq2l72EQWgAAiZifE49VvVKoAgXY2QD8FWdaS32A3k4eRapbZahE5x3Zyk05OmI9QERwhGoaIaMQS3ddu+UQtN9rnMOPBoP0TOtA1N6tIP0WTia8FI2cDfxATINp07TaS0eMgw64A6DsJ2pJ6kbIya/YSrOFqqcyJ/6lKp2ItbY7i1MJ1trPJHLBy660dmKTjBpujaXunqZlWm9krO6DUa9wEeF774wyOIXfscHj/DmdH9m60E2mvZjdzuMNQg8A0GVqO0VZntnvK2wgUXD8gbIW4zQ9JhBpsYABAwEjqVoBmGsc/olsxrEjgx2foNqB1OzVKxGIdWa1jGkYyA5t5x5RniiUm20Fwv3G6mt8OW265oJ3rr6ucAE8CfhKrtbBktd5qdi1A5uz1rewR3wnOHhpy2ECY5q7YTbXv8T6N2DI714I1yGmQeeXkt0MDsLv9RwQa+jxGENO31vIQlY1Eo1bFVeb3pLQdZa9zxyYZaMtQVqy9nxcLar+8Byut7oBpxulrIBxJxIxnFTc4DW88S9oPngqdW11Zhj2jMGS4wN0sMnfKWxWpdsOg6VMxTDQdctEnjACPVpj1YpjdAw5LEOkbS0+KtSGyQcspksxRv16ci6g7iRPUEfBSxqjRNJgzueY8pU2OY3EXeP+FkC20zjVpgHa2oIPJ0fEqdO3Wf2S4cGF3KWSJ5qeSuDVNpaTiRylCdVp/eNG4ug+ariow5PPOm8f7Y81eZWpNGeOwFw8kcjRC/OTpG4j5Kra2vkFskbC9zf8qppHtHY2OLalVgIwIDXPI4gTB4rIrdr7CPVFR+PsMLefiIwSplNo2O8qY+F3I3/OSqdakXSCz+pjQfMieiyLZ2xpn9lQJO2oQI5Nmeqyq2mbVVwEU/8A82QT/MST0Tpk2jqadnDcQ1rY1gBvniqNp0vZafr1GvdsaBUI3SBHUrmho1zzL7zjtcST5laNn0aG+zCVDTZZ/wCInOwpUS0ai8R+UfVBrPqP/aPcRraPC08YxI3EwrNyEN4SDkqBoGAEDYMAkjEJJiPRXsMz9FY74AYwsd1tGqeLifgAqVpt7zh3jW4ZgT/1txXQYWb1OoHHDDgAfoi1K/8AEd4gfGVy9C3PH70HDW1gnfFwYq1T0qcnBpG1rQDz2pDRfq1G6o5x9VVrVo3cJ+Si21M1tqEHVdp/QIVez2V2pzf5XDrcKkosstzcJqEfibV/7YVxj2ECKrOB/wDKxaWj6Y9V1U/w33tbziPIq3euYm60DW9zrvMucgC+9hzF0j+EtPwT94QMWjq4HniuftnbCzUsPA93+lL/ADPh/MsC3duaz8KVENG10mf5RgOpRQ7OztFjp1P2jb3B0H6eSZmjbMzJjxuvkjqT8l5vX0ja62FSrDT7N1t3+kCOqqehkfvHbZBg+SmmFo9KqWCkTjSafzIdapZ6PrCkyMTN2fgF55ceRBrVYP8AqO+qLZNEUyZJ64nzSodo6a1dt6IwpU3P2EQ1vnisG2actlafEabT7LIEDZei8f7wWlZdFUm5N5lWhY27EUh8s5Sno3b5BWGWH+FdIKAGpSgbAnYqMGnZyMmeUqwO+1N8lqlyiSkMBZm1PahWITSmnZjwxUlDP4oLjvVxlAnPp9UnMjKB8U6CyhBOWKSuAJIEdBWo0RMsYPwvqN/3YobGUZ9UxvJH5i68p6Ts9NpvOpl20hxHKJQm1qAGFI75JkcPEVsZJDucwxcogjLJ2PAziUR1Or7FEN1SZEDqESx1wSbrY3mJ/qBlcj2l7X1BUdSs8eHBz3CTe1hods2mUrHSR1bKr2Amo6lGsBsxvLi6Asq39qLNT9trzspgOPUG6OZXnQo1H+u8ukyZcTjwVyho8aylQrN23dtKjxcoUxT2vfBdjsAwB34rGdQLzequc93vPJJ5TkrVGyNGePwV1rRsCoDNpWcDUDyR+73K+GqVwIBIqNsw3qPowWg2idqjUob1LKKjbI0q5Z7K0YyRzQhT3qYUjNAVQNaRrt2qgySYAkq2yyD2iZ2DLqkMc2lqkyXZNPHV1RKVFgyaOJxRHPQAu6aBjjtShuwdJQ3PTX0ATLxsHRK+UwU2NCBjElCcrV0bVA0RtQBUKSI6hJwxSSEf/9k='),
(15, 'https://images.unsplash.com/photo-1473580044384-7ba9967e16a0?w=800&q=80'),
(16, 'https://images.unsplash.com/photo-1480714378408-67cf0d13bc1b?w=800&q=80'),
(16, 'https://images.unsplash.com/photo-1514195037031-83d60ed3b448?w=800&q=80'),
(16, 'data:image/jpeg;base64,/9j/4AAQSkZJRgABAQAAAQABAAD/2wCEAAkGBxMTEhUTExMWFhUWGB4YGBgYGB0aGhsaHhgdHh0bGhsZICggGBolIBkdITEiJSkrLi4uGCAzODMtNygtLisBCgoKDg0OGxAQGzUlICYtLTctLy0wLTUtLy0tLS8tLzItNS0tLS0tLS0tNy0tLy8tLS0tLi0tLS0tLS0tLS8tLf/AABEIALcBEwMBIgACEQEDEQH/xAAbAAACAgMBAAAAAAAAAAAAAAAEBQMGAAECB//EAEQQAAIBAgQDBgQDBgQEBQUAAAECEQMhAAQSMQVBUQYTImFxgTKRobEjQsEUUmLR4fAHM3KSFYKisiRDg9LxFlNjc+L/xAAaAQADAQEBAQAAAAAAAAAAAAACAwQBAAUG/8QANREAAQMDAgQDBwMDBQAAAAAAAQACEQMSIQQxE0FRYSJx8AWBkaGxweEjMtEUM0JSYnKi8f/aAAwDAQACEQMRAD8AoNGn+BS9/wBMF5WgnxVf8tIJH77MSFUnpYkjnYc4OqNP8Cj7/pg3hqVaiMtNUCFge8eSDpA+FBGoTNyQPXHjsMuPmfqva1D4prvhy1ncVXDC6yCsKqyphbzuBy5HFoqUgyskWZSp9xGFI4O7XfNVj5LoQfRf1wYnC6gumZrDybQ6z5ys/IjDHZUAVCz+YsJ+JgD9BODsiwZFgmwANovHnhLmSzaWI/KL8tsOOBD8Mno36YY1gDYVbh4AVPkKoddQB/sf38sayY10vBFyedviuPocD8JosoqU0v4gQTMCQT+v64YcGoRTCc5ZvmWMfX6YMgDZJMjCCy3D2oikmrXNUHaPrN8MM/mdFSn+6wIYepAxrOk66HUOAPlgTtA8Gm3RZAG8hht7xjQSTJTaZy3yU/FuKtQNJW0gMCW3JCreAZF2NhbD7gyhqdJ2HxKD5SQCfvhX/wDT1JlmoXqEqZLG4ja4vv1w+4coVEEeECAPYfpGCcQRhS1jM27J1kqRiEOgmPFEkDy6HzxPw92WulPoGv1/Da+F/Dq5axBBsetiLH7/ACwbVqaa9E9Q4n0U/wA8U0XR4VK1pDiCrvl6g0jA2bgho6/ywDls14Rjg5mzf6jiu1BGFUOIuRnF9vsMMMzV88AcRE51f7/LjusFLhajBacy7EwAgBJufSPfDHRE9lS4YHkh6hx5txqt/wCKdheGgj/SAI+mPUeI57LVELUKbKFMByTpfbk19rg7R9KDw7htHM5lqhJFGZIG9Rp+FPJjz9dtxJUqtey5vVYQYCi4/wBoMvVy/dUct3ZV9UkgmBfcXfw2JPTnbFVq0n7ovoYAmZgxBPXbnhlxzIHLVatFrQfDefAw1AA8949QcTdk8tSrVO6qv3aVEcAggAMLiSTB2O/MjE7Whowhc4kyUhqeEgROkmeYO0e2PRR2fybKrIiFSBMamMnqR8Ix51WzBqBQfyrpnrDMRPsQPYY5Su5Gku0DYSY+WF1qLqgEOhMFVoJMK65/gAGXFeojnLK9RSEKh1AYohliZuAbiPnOKNToyQOZ5Ysp4xWXh37KryjtdYuBqLGCLwSBIM74ScOUpUVnsAbyRhtJsBLeQThSZKivdltRBJKkFbAAb6pv6Rjqnk1ZGOu4BgbbeWO8sfBpWSSxgqJ32A6nywXkKilTALCPFqIAj+GAT74YEBCryMZB6HfD+sIZZZryTenPhAkbSDMx1tgBOIUVJK5ZTaBrZmAM7xaenucHVeN1HK92lOkWH5UGmByWZIMzz6YHKIQhM9w1m8STUMw2k6rxMyAIF49QemGvZPiNPLJmBWJVnplUEEySD025b4U8RzNQCCSCTdlY6WEdPmffBnZvL02p12dAxCwpPI7zgKkWZRM/dhB1quskgGNMDz8Q2wz4/nEzFLLJSGl6KFXlgJMKJF/4TOJzwiFoOBeqNjt/mMB6CFGJOI0aJzWTQU0QCmpcoA2owTJgXNryOeNaAbVz5gpGKhFtBt5HGsQ8RDLVqKpYqHYLBMRJja22Mw+5JhXTLqGpZek506mIJ2tYxPIttPnh6+eC/h0lDsouAQEpiLa22UeVz5YAzfDgy0wfhaAfRmAON1MhlmpuhYU0pV9lsCfCwXSPiJB0gXx4lF7XiQvS1EyiTVrMjKx8WtE1020qFcpBX8xMPzxIvD6D1moLVzKVVGqe8qxHJgWJQjy8jjgOr0KmaEK2vXT12C92wVVboSUg9NXliMdomBqasnUSsyKC4grDErTZiYITUTyw8A8lOkeZ4R3NGg+sslZLg8m06pU/ukTY7RjXBZ0Ej94/bB3bLOIO6oUmDLSXcXEkaQAfIBp9RgbhNIikP4hq+Yxsc1Q3FPPVa7PI6oe831wT10gAH6YKFQpQZoBIGoewNvr9MdMAtMgTAX6x/PC/MVCHCltKqxINrG8WFzNxHnhm+UJOJRNeqWq0SDMPHwlRMCN+fvg+rk9bUzyRr+YPLyuBhXWpD8KoD4nqAmf4BHXyjFjpHmOUYw9Qtc44Iwu1aP8Amt/1T9hiXJt4V6Rb5f8AxhPmMz/4imnJAWY8gSh+w/7sMMrl3akNTAArICgQLDctMjbBR4QheyGBHcAz2soLT3SsY6mLegn64L4vmIrZcf8A7P8AtxT+yrVaYqV2jS2lEBMeBDc3PMsd+c+WGub4gHqUDIJAqC3msDYxyOxw4H9QJRBNWfWyuiZnwrG0Yi/aPCxn8364VZLNnu1noOmNLm5XcXcf92PScYaSl2YQfHM93NZ6sau7UtHU6fLlgDOVcytOlUraGSoyq4A+DXtBAHh1EC8nBHamtRFav3zaUKlCYJ+JIsBcnFEzPaOo+SXLNupALGPgW6jrOoeXwjecee2tVfSpPHMAn3gJr7Rg9E2yavVD5dqxOXomajR4iosKZImdtxuBhlxPMrlxTzYCqxbTTohRGgWIIH5jzI21AX3Kbs/nafctVqgBUIGgXBcAQSDztO8C56YjVKlauXNmILGJiihvYzZtO/STzMYoDGNZaBupSSXTKU9oc81Z2q1G1MwEiCAnSks7wIk+u+5GyWoBdIljMDHfFKlMMe7nRPgU/Qn62xDSqEKrSZkz8xhLQAQiOVmYokBmKAMLtMkXMSItuRiOralTqKY1M6tAFiuk2t0cYdT3lOsf/wARmbEeJeWBqnDWFJKbONJqKwCi/wCIAuqSBtpAjrOOq4dA6/ZczIS+t8IaCARbqfM4BTfacN81R0qy/uEi9tmIjzJjYeeBkJGkFGHhaI5mJBuCYG59PfHMyCuduETwtApV42Yk3sQpnEFE1AlRkjRcRaYPT0wTkGXuwSQJWouo7XBAmPXEeVEI43EG+3vHPGjdYdkmw4okxSIBmm14Y7NcEW8MQfXC0L0Wbx1xYeDcGr1kOmixBWJ0tG8SIhZAvfGEgCStaDyQ3FnVqYltoMh2e8CRsBclj8xyx32eJ7uooMAkcr7H5fI4JzfZ7MCmEqVKdMLyqVkAgTFhebzz3wNwLMU6Peo9RROzAFha1oEnefbCXEPaQ3KawEOzhWLNZbRRy7Cb01a5m+lybbdMJ+2+YH7XSkGEo0QQDBjTJEjazRix5iprptSJUGiioASAxihuFmSDqBna8YqXF37/ADet920eFBqBVVUeEgmZC42mSXCeS2qAGDzSvjNIJXqoswrsBJkwCRc88ZgjjNLXXqOkBWYkAkAgTsRyOMw5TjZel8ZTTQT+IAeksBP1OA+LBMsytSoLUrtoSkCPzEvJ9Y54a9owgy66zpXurnpM3HmMVXP5jMV0y9c0YFJpJLR3gBAawuo335aumPA9m+Jh8yrqx2TDh2RbvddaHq6tX7LRb8JGknvKsmJm5j1gnB6jvMygbx/tAKsdlZKJDEqOSaiVHUX5ziemyhhRqKuWpRIQuoarcyCQfhG5AMmbwLFPW7Rp/wAQ1oNdKhSNMadiWIJiOVgLdOmPQgkElLgQiu3+XQImlVU3+ERa0bYV8Krq6qi3ZVAPst8cdqOJHMQ+nSJEDoPPCahnHWqoZmalpggWi0conb646kLgqbHFgjqn3EtRpOKZhgNVvK8epjEFI06oVwYbxFvCXZTBIAgGDtbEVTPax3dFSCx0gWBJPIR164g4TVqqzCmurVciCYI529QL9MN8IxKcdMMCfNEZviVNwndAk0nkyukSNwAeftifhvHyz1VECnS2czMbARsT09t8AcH4Z3juNRAuzep2A6X+gOJMvwmo3iIWkLCXsx6kDnF98LdXptJBOyIUDa0Huoq1TvG+KNZIYat5nwTymwJ6ScM+L5xgKVGlWZtzUdWEAAAafDYT84GN8YyElDSpWjTAAEQTBN7i/wBMQcS4W9PSusFC0Ax4pjmOWOo6lj4HMrqzAAXETsu85mhVbLq6HuqUMwgXIFlAJFpues+WN5ziZqVgx68jssG398zjleFvHiYR1G+Oa1JVQ6REDHpNou/yUz6gg2jfeU8q5tViDIGIsnxfUyLETUj/AK8I8zXCgkmwE4CoZqqtVF7vSzMrJqNjqaVmORP0wyvUAaQTyKQcIjttVqNncyskqrqY/wDTX5C/1xWgbE+Ywz7TpUXN1keqajahqbaW0gmByUSQB0wtRSFPWbj9MQabFFgmcD6JD8lNuHZYsYRSWMMi/EASINQkRtHhXn6CcFcV4itNDl6ckf8AmvuXP5he4SdzYkiLbYQ5au6N4HZORKnSWJ/LI5YjR5ubGLDoOX9PnioOgd0uE1q8PU5M1xUhw0FCBJJYiVj4YGmx89ouH3UDT0n7jHCL4AASZGoibdb4kRxpKs6rIgk+Iyf9IJA62wEQiBlMsr3bqVctAU2XmYtq8gb+oGDGfv6VSpFVxRSmNQYKiHvDpLNA1WMBdyTPLCrRTpMRRr94jCGKhgPk6g/SL+2BqKMFKliVOw5AjYxsWAkTvc4F7rjJWtEBNaWSDA1GLKkkFiVJ6tG1hMk+ai837fPZWmqv3ddzJUfiimTKaT8IJAIJG/XC+pVLIVLEhmLGLSSZiBYCZsOuMTMMrI6SrJ8JFiPMRzxgItIytIyCjK1NJemtDuGCAqhc1JLbyTEHTywNW4RmlF6DC1gok7W8Ik4N4bWqZjOUTUbWzOoLMbkA7E8xj1/g+WNNaekqBoMwnU+uOpM7rKhgSvC24RmhBenVpqTAZkKjY9QJ2xPmKVUU0BcgqLqxJk+lxF+ePVP8QG1CmNRgDVFomLRHrjzTiz39cL4huLVSKI4V55pO+V71xGlJtAFvPYDD7h3ZlRE1SxdSYW1gQPXnhVl2AIJxY8nxykKtIs6qAjKZNrwfuow9/wDYc4fu5KSnJrNHLn8FqjwVaSuyK2rSYYnbqL8owhyGYFKslUgt3ZELqtYQPMYutTiNKtTqrRY1CFMhQeYPMxjztjcgEYg0Fao8uL8HCZU6KWqruxcupLEsSVEyTJ5YzEPi88ax6MpUL1vidHXUy1NrqEFRh103H/UQcLqNfQjU3QlVLaoiyaWUv/pjSTzlm3g4549xJ9dI0l1TQFyYADXE/wC364EPEWIVKpRgRJiRK7MFiZ1fD7nHhaGkRRBPrKqe8XQqdUfMcQrSxkgATsqjYekn5nDyhw/ukSGlYiY3eZFt5vf/AE4H4EFoaqZXvGNRkbTMwllKnneT/LBXFMywUju3U+ErrgammGMjw3HIGTbHrPYHMIAUoqQ8ZTThOVDTqUMsXGIl7PUahqilVOpfgUiAOkndlMEA+XPGcHer3KVKdSNQ8SkalA1EbdbWPUY7fKOar1ErFQyBWAuYFhB5EQwnlOPNbo6/iLXRtHT3r0W66m2BHWftCL7PcEagWq1dOuNKgGY6mep+wPXEHGWUalVAuk95UaAJOm0kbmDPviLiHFX7ikqHVUemDYgsBoBJ/wBR5e5wJxFD+yuATLECT02HsdMe+HeztLUfUOoqnyHl9v8A1Waiu22xvvP2RlLOMJ1kC83AEgjnAnV588d/tSMNWhSGsTE8/IYpTtWN9RJjcwPqecfpi1cB4fUagHBB1WKMDeLag24mOY/ni2r7PpVSS0QVPT1Tv2lM1zbADYR+9ci24UTJ3j3wPxPMeAagSdSx/u3t7D3wDxPiFRWVQSItpK7G92P5ug5c8bZSaaM5LEuACbWEn74k03s1zKoc6MIq2olpaETn86iEKzqCeRInAXEWPdt6YnTsyc3X11CtOnEeGC7EXkjkYMTf4RiHj2Q/ZyaAmBdQTfRNp52mPbHqf1TTULOYU0OiTslWaps5QKAxLqCu88wCOcxEeY64J45UNNKb90wrNUFbvDBXTEpTQAm0jmAfB0gYunZPgqNS/a2A1zooUgkFXpMxZnPOTJYxIvHIGpfti1Xq0zmJoau+ZwoXwAAAUkJJZyzgKPymd8RVC575jCWXCD1SXjuYWpmqtRCzayCCbEeETI5GZEcsQfsbDSgEs5kAXN+nnIw84zwpqaA1CEqIVHcgfCjiVBO7VjcsN7YP4FkKq5rQQpdqBc7EUlLQR5tAi37xG18FTEQ0bD7JLpUHZPsyKrP3qxoGmCQQsjfoz3kchM3sMU+vS0s2ozB5fmP8sWXh/H3WjVRGOquxuTBCmxJbkBMTy+WEOay6mppptqCgAtyJ56f4enph079kMbKycB4AMxTqENpiDBtqF4M8l8sFHsYUpU3qSKjvpanCsVBBKmVLaiRBjlPlhTkOP1qS0qQYLTU/GFl1BeSRMgkAmBHTHoPZZu4qstasK2oApUExGxjUTpkibWviWpWNLJVtKkx7cDKr/abgAy2TQnLQQQDVlFIk7sAupwdoJEE4pffoPzDHrf8AiHTRsjWAc3hgZkSIhYJ5+XO+PDzTPTG0HcRpPdL1DbHAdkzOcTqfljhs+vQ4WYzD7QprynHDeOGjWSqqSUYMATvHoMWPMf4qZ0wFSigG0KSfq36YosY1ghjZYTO6fcY7X5vMkGpUFhACqqj6CcJ6mZdt2Y++IcZjIG664xErZONYzGY1YrR2H4qKLVEKzrH6H+eK3X+JvU/fDDs+PxRhfX+JvU/fC2saHFw3O6Y50tA6LicZjWMwxLVzy2YIAADMwQQFuI0xNunLAXEM65AITSVkeGbAgWIN1uOfXA3EcyxIUgBbTpAEmNzG5/niZ85+Guo6oZom/wC4QCd9M8p+k4L+nMYWAGZK7pVXC21KSAYj4hABAPMCNhznHWUrEyNXhsDqMLPeAg/IH54HzGaLmnqbxBT/AN7QB0AgQMcGT+GN9QJPlff3YYaGmIOyIhtmN05pVggUUXDaQAVAI2bUYUk67zb4rnfHWQ7QMr06ToAGMGoCYOstccolo9jhHXQg6F3USTP6/LEubqh1UG7MDJH5XtDeRbnHQH1F1IA4S2tgjmnHCqXd1wh5MUIjaVYA+9vniekJPjk02paag8ldvEOYZTfEOWZ2Y1GK6mCx/qRgJJ8zGB62dcwikA1S3WFUjxHyI3w8ADdX1L7PBv381waLLXai7ayokNzZWgj6HBnDeLHKUGaoGZWqFUAibDxG52P3nCDiFcoaTDVrVAurlAmB6xFsF5bMLXUKWA0yYImSRFr7mSfbAtdOBugL2tmd074nxbLEhKshtIYH92RtKzf6YirZjRTpw4dFeVMXuCbnY/ENgMSdn+GZXMd61ZQ76ifjZSFAAUAAgcjhU+WSnUZKhc0qcACbyYJFvKNuoxP/AFMvc2MhMcxwF2Mo7g3EWqZ8eLTTpLUc3gEJTJJJ5yQIHphLxrixbNtXpT/mh1LX+FhpnysLYXOVDMoBNzc7x09euOI0kEHYg9b8hhREuvO6Q55IhWCvUrshrCqxdTUqd0lhRQuwcuT8JZ2MLcke2M7EZ+hQzPeVl1GnTZlnlVEaIHOLwOsewlbi/wCA1HZy+swPjcsTrqE/ur4VWIEltzIG4FxDua4rG5TU0wGmppOgwejEN7TjIwhnKY8WeoK7ivaq5BGpvFTk7MZAR4CzNwOkkYjo1jTqBlIdiCLNqkkRcg/rywPxXL0mpUaqVCzMJrajJ17kydyScAioTCpYibjkDbf0mfXBtqyyGj5IXMh0kqR6pYd0oA8Uuw53sP8ASOnW+C8vRjwqCT5YipUwggYeZenpAXnz8zijR6Q6hxEwBulajUcETzUPBuA1aldLgKpDm82BEj1MxiycTy1akRVpo1RFBlRFgLwATJ57fLCvI1XWoDSnVBiBJtvbmIN/LFhocUzjKAiINdww35C0mF35/pjdf7GeaoNMi2OZTNF7Ta2m5tSZ7D1lJuN8a/acu2Xam1NpFyLgAgwQb4puZ4RUpgsGDAC8TMemH9ajUDh6gYFtTMWnxHqGPxweYJxLQab8sX6T2VRFG3n1lR6vW1OJdyxg+vQVHJxIwGlTzkz9MT8Vy2iqyjaZHoen29sRGkdGqLSR9BjyntLHFp5KppuEhabMsYE2Gw/X1xGDjWHXDKVJSzMsgICurrHTpMemAJhbPVJiMc4Y5+lqOtV+K8Abecch0xAaC2Mza8Wv0B+WOnErpCFxmDf2UHadrSefyx1lcjqElSfeLYEvAEoDUaBJUnAD+KMAV/ib1w5ymV0OhH5tQidoj/3YGytIFntNrf7lxl4i4JzRcBCXii37p+WMxd+EcPo1KKvUPjaZ8vEYFvKMZhR1Ecla32dUcAZVcOXZquhQS5hQOV4A+4+eI6dKVjoWPofCMG5epprLUmAGv5RERzMxgTMpoZ18UhjBgjwmZkHafCcegXEPjlChGWzzTvI0qRo6atKWB/zQ60yvhU6QWMHeYIIvgjN5uiMv3aUgjmosMSHLxM6qikjnMW9MI28S1C0naDykACPoflhhkDQFNg1EnVTZA0rKkRD+IgTJHnE4nq6YD9TJyDAPfpsiZW/xwBEbduqg4bk1YVNbQzQLQbar+8xHrhhwrs8j1auqoUUAFFUamaZ25AAiL+W2+EuTrMAQPDKkT1t+nXBlLN1VqmoreQAsCPMbXk79cbqmvg2FBQaRUudt0XdbJFC9A1CWVwJ5+NV+dz9Mc1khAWQMRMgbz/IwDHQ41xPPrUqh1BXwKDJBMiZJPvgPNcQIjeRMQeo9P7jG0a7rQHjkqr7Xdk04TxtKTuHRC2kS1iLX0idxfYfu9cQ8DFBHbM1kmmWPdU9ejUS+5hTCgA8sBJwxWQMg1EgG7CATuLHVPtiHL9oMxSQUqdRlRSSFVmAkm+xE4SCC9zxuUri3QCdl6jRymXztKo6VBSdWYUxTABprqOkMgGzBDJN50nocV7tEaCljRYnLd4q1WPxFifykgksoW7LECBO0VOhxWu+sd4YaGcSfEZABMm52+WB80zMFUkaQszA8KydyBJ5+pxwEHKbUeHeKP46KXiWQNGoyMCABIJ3IJMH1MbfywBUaTtfkB/TBVaqajEsbC4BM/wBn7bY1eAdNtUfPkD7Xw0BTSoMxGogb8z+mNPQMJ+6w1e2orfzlcSZilMxbxGb9OfoP1xo1TCqpnwwPKSSR63n3OMXLVYydKxe8AWH99cFUaQUfc4zL0Qo8+ZxxVbVzgff+mB3wthSUF1somxYDzN7230xzw/zPM9Pt/d/bCzhdAftFNFdXJtOyhmsADct7DFlzvZ7MU6b1SqlVBYkONgJJgwTj1/ZupoUmlr3gEnmotXQq1HBzGkgInh3EKVGjQZIaoyrUMWKvDTLXOm8abXSRZpJ7ZmoF1oKhRSZNOjoS5LkS0vEg+QBI5xhjleH5etWoUYGnL5QVABH4jQLORciANr39MWvib6qek6STCgA2bVU0lTfw2BB8m8sDW1TC0NIknf7JtLTukmcDZVR6GXz9Coy6qARS2pxKoVUn4gY2eIPKI+ERReyeXbNfhp8QkknZRO5xaO0xorl8/lp7qnSKNTWdRL8wC0mCwBtFp2k4Uf4bcMRtVUM2uCrRZVAOxE+KRBnbccryVNZV0bXFpkcp5SAU1mlbqi0OEHnHYlBdruzy09FRaneaTpcqIsdov1tP8WK3nG/Bfa1QWGw8Ix6P2ky5VK50+AUvGw2Gs6FHrqj5484ymVJU07TrBiY2Qtv7Y8yjqalYF9U56qnUUadB1rNo2Sw0jExY7fbDOlSYhVG5i52AHM+QxNmKUqgNxeD5W3HL/wDrE7E6HCqYICzYCBM7+Z+mGOqTC859QSFygGnu1m86nP5/ToLYjOQUCY6jykbn5MPlifK8i1o8/rjnOnWsmRsEX+EzLH1iT7DkMLLjdAOEuSXGDhC5Wn4ib6Rz5ThhSaRb0wuNQ3RSRa97W+5w4yRAKwBYGB1IUkEzuSRga20pb23ETzQdVYqpNo1AjaCIBnzwFlSAxvB07dSGB/TEtAeJLyCJ97TgNTc9RP1Efr9MUMb4IV9IW0wAn+WyIZQy5kIDfSVmJPrjWF1DgmYZQQpg7XxvEZAn+4PgFcK1QCBPzUGYqKNQmQdmFjIiP788Ta2q1ShMBjMkSTCyD7j74g4UKYrBqyyinUR1hhaOc7e+CK1RqtVqxhdR/KLL4YER0EfLHrGo9zrR03UgYB4u65zIKKyS2jWVUmwOl9x1mfrjXeA0gdXiVtIWLsCBMeYgYziGaDaUJB0iATtv9OWDeBcSTLOGffkVg2Nm+wPoD1xtVzhTlpkhcyCfEIkoFKL1JjYAt6AC49bbY3mahp+E7ixBBBEeR2jDLj/EVWvqRlZSlwpmDPNhuW+eOOKVqdde+Uu9QKDXd7AkkBVQco28wMTu1BqBuNx80wsDCRKE4QtEswrail5iZ+CxFuTRbnOFeZMnwpAjpfEhJ8QuCOWx/v8AliMIzOFvJtAkn6b44DMoXHC0iPyX/pH8sZ3dTa494wf/AMAqSAWEsJAF5HXG34G6VFU+Ik+HSOcTfytPtgpCyCoMorT4uY5t/XyxFmawk6ZCzPmb8/T6Y216skyeZ5bcsbyGUNRwpIWRqknZRcnzMfz2xhgZRZMNChRDuZvt0tyHn9sF06mqmqc1aB0iZJw/4/w9KQTVVUqiBVVUe9jpNxpUkeIgmet5AqYcgiOs+pH6Y1j5Cx7Cx0FFcRW4iBJPhEzY/E3r+mOsvR0jzxqjSi5uTcnHNZyRA9J6+QwK4BZmKxNht98c0q7TB0geY/TEaM+0kDEuYqgCxM+v3tjolEBiUf2bYNnqEkQKm4FjG1vPHoPa3iYFF6SNLEqCo3jWJ+gM48nytZkYOu6kMPUGR9seo8UyyZmiuYTmofa+1x9xiHUhrNRTe7aR9VTQLjSewbkH6KHstnNNWlV5oho1FMjShHgfrpBgEja2Hee422gIgVypaBqklgTA+HYbb3k2x5svG6gVloMyoZBAgEzYzF5xNRz9crBDQAdrFpmdTWPTaJvj6OpQvdLMheWyra2Coe1GdZ6tZnMtUqe2lbWnYE/bEfAuL1qCnunK3kwAdx54OpH9pZSyKWsiqBAAUQAOUe3PDWl2R7ty9WtQRDIKBhqBCjRoH5yWkRbHn+0hSo0wKjhJ5c0ykajyeFy5redzuYXWj5gMuYRXcKp7sFkUAqCb+FVM23sBisU1OshpUlwDzI8BBibHBtE7DVqhQsn+Gw9BpiB5YgquO9JiBqFungtjz2HLgOiQKzn1Hz0MLvN01VSdTW6xFuUD3546d4p6o1Ayp8jFtiCZv/twFm03k87gnykW5CxGCKj/AITTGwNvI/SzHG2SJJSwwGC5dZanSZfhKnnDT81efuMbzKlYYnULKDtEflYTb15+2Ocivhk7/YYlziqVgbyNXlH5R9z7DrgJh8IL5cQdkLTpowYglW0T1BN+fL+mCcrUIggeJTcdCN58sL0QhtMkCLnqP7OJ6FQrJpsdoPOx5E4a9t2EdSHRG6ypS01Fj4T4l9CdvUbfLEOSgF2YSFUmOsG2J3eWX++mB8rJDgCdUgD3wYnh5V+n8TQnGa4pl6bFKlNajiNTkG5gEx5DYeQGMwizOSd2LbTyxmAFJkbn4q51aoCQ1ojlhSZWJe0nSY8953tbEOdRUdwCdIMATcyBucGFaZCBiIBdbfxbN6TjT0tDMiDVUsdRgwNIk354Yasn4/VBwsT5fRby2aalTpVqTAVCWptIDW5CDYbfXC3iWYarVd3jUTeBAsIsOW2JBRCMULAxBt1jbAdTmMbTYA6759kmqTaB6kYXYpEzpUkKJMDYdTG2DODsxqKgPMte6gxdo5kDbzAwKlbS0wD1B2PSY3vf2wdw2i7IzKCFJ01HkbMQQo5gmDPlhwBJhIcMKPP1UFSoaZJXVZiZJ9zuZm+J+CZQVc1TpMxUliNYkkRJkC07eWGHbnKpTrhKaaVWmiR1IEFm6MenlhWuY7rMahPhZoK2MkGIO/PGVGuscRv/ACMIqZBInb8plxSsUcamBZGKmVgxtIn4hiDimZ0kMrhirAiPCVIn3EYk4pU1UQWB1aZve4I54zNUk102K6wY8M3a3M8hOFD9oJRuwTCVtmXaoWeSzXLNJJkWN97YM7L5pKdYvUqFPAbgmZLLbw+56WxrjWZFSvIYtCBfJSqxpWb6RywrdhPXr/L0wTTcEAMQU9qcbU1jUemWCiaVNiSpYzDNtIBOoDn9cLKNL8zXY3OO2Znc1H+JiTA2WTMAchfbEVasNp9T+mN2wETiXGSt1X5Db+7DEOlutvLpjgx+98px1U3nV8pj7Y5aFI2ubSRykcvbEDMxtjTf6schbTN8aAsJXbuw5jHqn+H1NxkwXFmZinmp/rPsceZ8Kyfe1qVNjAqVETz8TAT9cej8X7TpTy9dMtpXuSlGntM3DMqn8qhYBve+I9Y0vaGAetlVpCGuL3HC8+7R8ObL5mpTYQNRZf8AS11+lvUHAAZluJE7Hb64d8TzgzZoatetKWiqd5CSQwPUgxcbnngZ8tSNLw6yweR10MsDykOvK51+WKqbiAJ3U1UC427KHhqZio2ijrZgC3h3AAkmeQAw34nkwgytWooFGqAW07m5MmPI/Q4SEvTWBqXWpEgkBl2YSPiWRBG1sH5/Ol8pSpBiRTMkRYahA+xP/MPYnuLokrGQ2YTHjFCmmYLU1CqEWNKlQbeIwdj/AEwA0BzItqHn+XEWX4t4QHXUwGmSx2G30tjEzag69PhBHhnoANzhDGOaIPRLe26q5+0ypuINv5x9D/U43p1AwIUD5n+QwKudTxfhzPUmR6dMcJxAxpAGmI8/njrHRAUzqDw0AJlQqEINIliYUefX2xwlk09DPqDefnOB8s7yCNA5eIxuZwRWD2JejYRZptOA4a46U291BmCdJX3j++uJtEimRb4jPlqP0n7Yjy1JqtVaYKknci8ACSY5wAcdGoiEw0pMSeVpj/qONIIGFvBqNpnC04uL/wB2wXwekApb8zEhfISZP0wFUdS6FSSIN4jf/wCMHcJqQn+8eYknb++eHWlzCDvCt0UtAlbWtH5J8z/TG8R6x/F88Zirht6fM/ynXnqhuJcKZe70yVqhQD0J5HyvY4iz/DKtJqsNIpwGfaZiAPPxfTDzgNULl6feEsGYgA3iDKgc9x9fLA3afiPh7oCJYs53uCYWRaYAPyx5LKtTiBkSM59/oI3NbbPNIFybd01X8oMT1PTHOZKwugySJbyPT2w54kBTydOkb1D4yP3VJnxeZsMR8P4b3a6nQVKlWkWpp+6P/uMeQAEj1GHiri49THf1uklubR0SIrc2m+G3As53YcMDDPTcAC5Klo9ZkiPMHliNcuCvhtop94xJ3Mrt/uAGBnrMHkag8ggk3Hn5HaOmKg5Ic1H8fzDPXqM7fiMzF1FwhLE6Aecc8Bd4deqPDMx+mI6KRicIehxjnTK5kthSPXUgjQZiAfPrGOHZSqgaweZjyvjYpnpjeg4BGcrjMuC3gUhdMQeZjc4iy+Xi53wVpwPma8WG/wBsc3ohhazFePCN/wC/rgZmBi3l/fU46GYIGnUY6Y41DBrsLdtr4xo5zjWrGO045bhcYIp0CR6frjimv0/vniYn+H5HGEnkiptbMuUdVdLC95m24w3FVNBmAVFv4vK2EzTq6+2Cc4gkRjCJC0kXmEx4PXWmHaL7a5+FY2jnJP08r8fsjOlaqAFNNdRUfDpJAhYkA+KfcjHPDM01MI9OxVp1QP4gBcEX1H78sMuz9QfjU2YkVacGLkMRf6xgHeHxLhkwoKLVcxlwh0RSGhCFuB8TGR8TGwgdZO2J+FcMp6mVnGkhfjAPi0mRGoAkep3GLBxGimTyh8I1EBY9b6FjfYlj7ndQalSrd5TDVBYV1BHKG5enhGEMc6q0kYB2/n15ppHDcJyYz/CsgyGX+ENSP/pKR97YC4t2b0qYXSpg60kjyLIbqPS2K1VqlQ6neYFvfnsdr4b9n+OVUIBJcEhYJ21Wt1Hl8uh7g1G5a74/j8ruI07hIM3lHpNpceh5EdQcQLI98X/jPCFqUwwEJUEgb93UjkR+U9PXoMVujQUo1J/CwB0ktADDcG3P74t0v6wM4I3Utf8ASgjIKStUPXGu9OLHkODq6IQTBJ1y1xHW1v641mOGZdBqdmLXhAwiOV4v7XxQ7TODbkri5gpHw9x3gltIMiZjcWmOUxOJlqIDDLO8w5gt12tgujkAYJy76ZvpeCRHLV/LAFVFJOlSoEiCZPv54mLU1lTkFNRcSItA2w14e690wPxajEAnmd8BHIsiJU/K1p84mB9cMOH16K0YKk1Czc4G9saGmYOE2m8DKIXLn90fP+mMwKWbpjMZwan+r5flP4jOnr4Ig8VRKarRgsLKCPhMXYj3PzwsXMklUIV4LEaubkqSzH2O/LGcHz9IVT33+WTqsu5GymLxE++J+NvQYg0SAADJUASLbgAQSbQcSNYGG23fmtcWuFwORyUNWi7ICb62JHNqjixbyUTbyk4d0aLUctUYmahpwzG8LZVQek/ScJMpWzFSv+GmupogKAPCsedl8/XGcW4lUIamfCoIlT8RYdSLGCd7AwPTGPY55a3Hf4rA9rWkoL9rEnUmr8PQk7A7Bj1gSfWMQqOZMnmcWvsPw/LlXeuqO7QEV7wPFJAO58O/IYTcbyOmsRSU6Y19AAdvii1xbzxSHC60bqWDbcdkq1CfFOmRsbxN9+cYO7+j4guXYnSYl2tJsxA6C0bYiy5dXgaZJAgwZN7395wy4VkM3XNQUfGbCodSixNpJMkeHYbRjagAEn6wupyTA/lLKmYTSo7oixGrW3ib97pA6Dy9+MxmiWaFCSdgT4Y/KJP3x69/hbUdaWao1ll6bLEgMoXQdIHIiQdseZ1crnKlQ13psDXJEsoAbULBFI6bQLWjGNtxnfutIdkRt2SmhUYso1HfqeuO83TOowLDc8hPXBPEMmaFTRJ1D4iQV3vEMAeZ9YwO+YaYB57bg25g2OGFpBQ8lBVEYylTZtv5fU2GDchlw1RA3ws4nzvtix9iGXvQ76CCpiQpGu0iCIFjb5YXUfY0nonUKHEdBPoKqDLMp8Qi8R1xNxGkFgAchPqRP6jFh4hwvvWeqrU1ppUI1OwRT4gQF5TA2HXEXaCmi06sRqikD5HQk325T74JhLqYfCorUmUy+m0zEee0qvlfhhd1kyInznmMTUsrzYHTedO4jnfz5dMOqPC6QpUXqtpLrOlR4mSANXkJPPeDhcSFqOKcsuhpmBtuQBY7DzONBbdYlQGuh+2MhCZjKFSsz4l1DoQeYPMW+mNVlJ9Yw2yuRFVIDwy0TURdwSJLKvSVk+ZAwrzJgkjpgdsHdDVZa9GcJoPFrKV8RMaQtzDdR0G5O2LF2RyVM5glV8IIgzM6QWPoJ02vt54ZZPhainWoo0GpQRx0gU5+8+uIexPxgHdg4+Yt9FxBqKxdSqR6xKbRYA5kpD2szqvUbU5BUygFwZ+KR+UiwBi4BvYYO4RwelWyGZdGqNVTu6hlQAihiGAg+Mm5BEbRjrPZdHJPdqNQDEGSZgSJB5EdcIsrSq0y/dVCisdJXVGsA2nkb7Ti4U4AhT3G7Kn4pk6Ro9+WYVSfCsrB8f7satixn+Eew3AqtPvh30aSLSHgMCCpimQeUdL4tfHe9qZahTp0EgpqhTJ/zNRMtGqSYHQE9cUEEi4tz98La4VGkA/DcJpFjgSF6hSCtRqU0IIFM1BGu3i1D/MveW2wqTh9OoA2iiS5Alu+LEnaVpnSJwx7LK/7HWrtYNS0C8ze0818TwBz0zgrsyuikSY0rsSdz59Nh9cSV3cG4hx2HPJO0d+SNlzyBaN/cB1+Cg4Xk1RqlJqgLxLKobQFjqes8ziautCn49Cg/DqCktHQEGYviq0qxeqwqOStR5qGmR4pMAAn8q/r5YeZzI1FRgztUXVCyoJA0jcjmT64c/RuhrqtV2eUxs3ljrt27lTv1mSynTbgcx/uA69Pn2RlHh3e1BqWj3bCVOuor7bFdRnEGe7N5ckalDE7QzSbx+9imcVydZ67d1Tqa0C/CCfyKLAbYedjslVpv3uYDU9kRXldTGwhegE8ufkcRVGup0i7iGek/lVUw11QAUx5x90H2tcSiAPFM6RBUUxC3AAElhtPkRhPlKRKkgEnUbAT+hw17WMurSJ1ayTba53PnyHvhJQCnVLAXO+r52Bx61EkMBJnG6Uy17zI6qZ6jAxpb/qH6HGYheqqnTJMcxMfXGYdxHdfkhNOnO/zKZcF7NHMZYsGAYnUtgZi0E7rN+fS2EmfyNTL1SjxqWNrjacNuAdoFo6KbCKdy8CSTyi+2F3HeKd/VaoF0A2jr5nzxIzi8Qh37VjuFwwR+5GcLFRabVtJC1GFMMHKkzeI5rYX++GnazgNKkoen3moQGLEaTsCR5SbHDngnZn9pyYBriXGqno+FSgAv5zY++EfaqtVhaRv3YHeNH5hsCdjtMYU501W2HzTWshhuHklPD+LtQdWWCygrtNjyxBxTiRruGfkIt/XAeYoFY1CCcay4BN8VWNm/mpQ50WclJQ7sN+Jqjnpjztf2v64vHYPK1lDsKUU3uuqNRI2Kg+U3sL2xWuzajvldhKrcztN749aTJkqHkBCNybenUn2wNaHsLE2gyH3yqx2m/bKdFqdDUNdXvKndnS2kU0VV8JkiQxIHUYqFLtHV1Ia7F2onVT1KDLSoKOZBCwDe5kC3T1GqFXz9ox53/iNkglZKgEd4pn1UxPyI+WMpNAAacwPx9EdacvB3XGdzwzlU1HQoi02AZRswUsNZ5gkERPO2K5XI1Y9A7GLVfLBaIRVBljpYszW2IIC8hc4peYyINeshbSqFzYao0zbcTe04a2vTI4LBFsJVRjyBUdzRXB6yitQdhqVWBZeqhhPzxde29dRVY5WktNKUU07tIBINz4REySPbFe7N9laeZyrPr01AxvNhA2InzB998NeyGbJ7xnqBhTJUNNn3lr3O5I2+K/kFv8AU1bAdt/cqGalujouqubJIMZ6pv2Toinl6YYVF1K3UeLV4gw5SBbqAMU/tUFTv0UaQWTSCN108vSI8gIx6bnMokXqU1O5PeIPIXny+2Kh2qag9OpSNakXCyp1qb+oO5x6B01OXOa7MD5D7rxKevrMhrmYJd/2P2XnNF21eEwTbeLdJNowS/DquguQIWfzCd4Ox64af8KyroalDNaKiX7quCrtF/AyCC2wAFyemCMvw3MVkjQKYgi5IcgkEgBjYW6YiLgMlWwSmfZDOpTylaqNPfAd1TJEwd9jaLz/AMpwlqcJZ6bMisNIMgkQw/hsCDzjFq4XkKdGkFRBq3ZmUkljvvaLcsSVlOgqLnSQABHK3TEb60OLhzVwaXgXdFHUpP3NMoymolHuyRCg03p+BlkiwDx9d7FLwvigpV1UESpAHKSDt5SJHvgzI5ZEpqr0qoIUBiqBhMX+CfmccDh+WvpqEEmSGEmf+YA4DwwQ7ISxdMp1x3LqGFVb06lxAgSRcGOcz845YpwIMBrks5+TR/fpi35LOGkuloq0j8S/qOn29N8D5jg+Xqsr0aqqwEaah0m5NhNjvuMHQ1FjbKnLn/PQoqjA43N+Cn4nmBSp5N+lPfpqIkjziY84xRVybZiu60QTqYlVO4Bby6T9MX7ivDVq06SVatOmtMBZ7wHVF9txttfA2WbL5UE0AGqbmqwgL/pU3kdWsN8L07mMbO5zt/yJ8kVWXED1sjM2gy2XoZGmdbyrVD/FuFE3gFiff0wTxPMDL00pLWSnUPNhIJ6HwmAZ3wiyGZAqLUFRXqap+KZ6398O83lWqq5fKBpcypaSQLKwuBJAFpH0wBLDqA6tBABMEgAnYfuIwPesqB7aBFImSRkAkx7gd0rzGdrowmoR1hacR1BgSMEZjimYOVZ6csymCxt4ebAKZMRy6nAyd1Sbuq5At4KbUpVCZv8AEwgz15Ya0KVRFXScuUhtXhCqBy0xPvJxRXfQDmFrG+6M4PQFTNFV9J7S50956jqQqDxjPOtUsKjDXTpsxVmUkmkpmJkiScCZPix76kza20MOcsRqmBPP+mLnneMUqrHLf+Hh6envB4wDpIsRERywi7F8HUt39UqVUkKAZOrqenkD64XTqDhEvbED4p9h4gDT+EFx/MqajwrL+IzGQQfESRIJ3g4EoLJbUbTP9nDrti1AqdJ8YIACxePCS3MEBY84wjpM2hgPhkWB5kC5HMYr05FRgxGOfZHUNlUnfyTDKZqkFANEtv4oF7+eN4Mp8CzJAhlURYGZHyGMxhq0+qZwiq3ku6H+YpMxeSIuJsBzEj3xw9JT+Y/7f64zGYaoAArDwDjeZy1Fu6VGRHEl5szgwAAwsdJOOl4xms69PLsaaLVcSVTmTEmTJ364zGYRa3xGM/hNkwBKS8UVilNncuzagOWkKxFuV9/bC5kIxmMw9qQ5TZfN1F+FiP7/AK4ZZPjmZEKK9QKOQJxmMxxARNJU9TimYafxqp5n8Rv54HrNUqECo5cggAOzNBYSImYkD6YzGYBMW6NJ1BAdlnkrECQeYHxTsMcNkakapEtaOZO5HTa8k41jMZMLoQuYy7KTqiwnflMT88FUaR0AsBdtKm24gHz5jGYzBE4CEYJTTL9lKtQGyJ/qMk35aQQOt8N+D9jaaBzWcvqXTCiIuDIJkzaNhucZjMRPrP2ThTbunuV4dlaXwU45Tafcm/1xK9KmdtXzxmMwoycyjUbUlGxg+hB+mNGoBv8Ab+zjMZjQFhMLdJwTIHuCRiT9rXZh7G/3nGYzGELJKiqZegf/ACyPcj7Yi/4ZS2AZfRj+uMxmMkhFAULcMTYVKgHqv/txJS4ei/CT73/TGYzHSUWy1Uyq72nl4Rjelx4tZt/exONYzGjqsJkQg2yYN9TX/jYfY47pqRADnwggA+ZveJ+uMxmHmvUMS442SjRp5Foz2Sx+CJr1hiDAFtrCOmOKvCSDKuVbqPseo9cZjMDe6IlHaEDX4FKxI1lpLRv7csc5PIVqL6l0NsYOxiD6jYbRtHPGYzDW1XLrRujqvFM5JjuwPT+uMxmMxljOgWknqv/Z'),
(17, 'https://images.unsplash.com/photo-1550684848-fac1c5b4e853?w=800&q=80'),
(17, 'https://images.unsplash.com/photo-1541701494587-cb58502866ab?w=900&q=85'),
(17, 'https://encrypted-tbn0.gstatic.com/images?q=tbn:ANd9GcSD-b6bg2E2AOe-tA1aN6uiepskrwdWf_Wq-g&s'),
(17, 'https://images.unsplash.com/photo-1618005182384-a83a8bd57fbe?w=800&q=80'),
(18, 'https://images.unsplash.com/photo-1464822759023-fed622ff2c3b?w=800&q=80'),
(18, 'data:image/jpeg;base64,/9j/4AAQSkZJRgABAQAAAQABAAD/2wCEAAkGBxMTEhUSEhIVFRUWFRUVFRcVFRUVFRUVFRUWFhUVFRUYHSggGBomGxUVITEhJSkrLi4uFx8zODMtNygtLisBCgoKDg0OGxAQGy0mICUtLS0rLS0tLSstLS0tLS0tLS0tLS0tLS0tLS0tLSstLSstLS0tLSstLS0tLS0tLSstLf/AABEIALcBEwMBIgACEQEDEQH/xAAbAAACAwEBAQAAAAAAAAAAAAADBAABAgUGB//EAD0QAAEDAgQDBQYEBQIHAAAAAAEAAhEDIQQSMUFRYXEFEyKBkQYyobHR8BTB4fFCUmJygjOiFiMkU2OSsv/EABoBAAMBAQEBAAAAAAAAAAAAAAABAgMEBQb/xAAvEQACAgEDAwEHAwUBAAAAAAAAAQIRAxIhMQQTQVEFIoGRodHwFDJhQlJxweEj/9oADAMBAAIRAxEAPwB7A1/CE6Ky4eErWT7KixZ0pjLirppfMiU3IAcYxGYyUvRqJuk5MRDTWhTRWhHYE6FYKlTTtGmFljAjCypIVh6bAtOojcIdOojd4qELVqUBLlq6MShOpJBYmWqsqacxCLEDKaxM0WITWolN8JoQbEMEJB4TVSpZKvKGAJyE4IjkJzkhgXlCJW6jkm+qmlZLkkGlKYhgRBUQ6hVIhu0I1GQs03Si1CgBUY8MepOhG75c4VVHV1lKJ0RmqG6tVKVaqC+sgPqLNxNVNGqj0q9ac9UEqK1CzqaiZNNRMmxfCV9F0WVVxKLSE3TrLWWPfY5YZ9tzrsqIocubTqppjys3GjaM0x9j01RrLn0yjNlIqzotrpiniFyGuKYplUB12V01TfK5LE1TqJiH0QFKMrLbaqAGmOWi9LZ1RqJ2Aw5ywXIJqIZqosY0HLBKCKivvEAEc5BL1l9VLOqoFYw9yXqOQaldBdiRoqUWRKaRKrkhVN0V2Jup3y1iqOaclLyAa9ac5Yc+VVUWTaJUtgVSqgPlabTkrp4agDqh0hR1TOO2k7gtVMO5eiyNjZAq0Fm52brFSOD+HKVrBw2K9C3DxqVruAVNlaX4PLNJOxTbKJhdp+E4BY7iymW5UE1ycghRNVMPcqJUXqZxqaKxoQKaZppW0Rpiw7Wpum5JtcjsKrdk0kNNcjselGlEa5S0aKSGwVthSzXrRepLHmVkZtZcsVERlVFjOq2sitrLltqrYqp2I6wrKGoua2std8ixjrqqH3qW7xEYyVS3JbCiqr75KvkLD3FVpJ1jL6qTqV0E1igl8rWMDmnl9C6mI5pepVCqq3dCIW6RxyyNlmqr/EFYyqi1OjPUw7a6jnSgwVoMPBS4miyPyHpvATAxIASTsO5DyEKXBM0WWUfA5+MKtmLkJMU+K2aHBS4oqOSQ0zEZjCYpgpfDUMqdBWUjrx35CAoNZbBVPZKyNxEuURHUbqIFR5ltIwtNYUemUwwcQtHE5ozVi7WFFamAxRzFKLk9jLSttVNYitatGjKL3IFqFoMW2hQ4GqyIDlKuUwAsVGqe2y+6jAqLYqIeRQhGlhrQxnW6bku1GamoNg8iQ7SZKca2AkKFWE5SxINlai0R3EwNYFY5FOEhL4kWsrRnLbcTrMaEk+mU6+mskrVbHNPcRLVWVNDVXUYIVWY6RQtVimtwiUiE2JK2LliIxxRXkShPhLkqqDZpUyIdFy2XLNo2i00Zey6tgKneFFp3SZUKshdCsVFh4WAFlJHTGTsaY9FzJNpWzUWLOiLClUlTWVpFWjhUk0xyXphGau+jxFJoOHIzQCl2orSp0I0WZhQFtoQwVoOT0B3LNqlUqSmkJzNgrRKHK1mT0i1kzLJKtSEaUJZJEaVrOswrhNRQnNs13iKyqgwrARQKTG6ddSpXJSwcrL1OlF910GFWUJ7QstKslOhOVrcsUkZrRuhsctEhJlRaLqMal300do4LTzyQthtJiYaqdTTUjgqMJ2RosXDFoNW4UQHANzUSkqKgKmS2LhJJ2y3lDzK3lBcVk4M3WVGzUQX1UNzkF71GgvuhTUVJY1VSO2x96JGNRQ1ZY5Ha5dR5plrUVrVphRmphQMNVhqO1oW8gQOhbIryJnu1RpphQvkVhqNkVZECoHlUgouVTKgKBgFXC3lV5UBRiFT3AAkkADUmwCzjcS2k3O/Tlqei5WFxH4nMXUz3bQ4ge9GTK57zbxeG0DSd5tjlzKG3k7Om6KeX3ntH1+x0qWKY4wHCeFxaJm/IhT8ZT2eD0v6xotVMEwU3PDARTLf7jmAEXAiS5vTKea4fa1JrQ4tY4OkzuBkMGCNRYg2211XE+syLwvr9z1oeyenm+ZfT7HoKBDxLCHDkZPpqtgLyGCxjqZzgkRo6ABY9LW+a7+B7ea+BWhrtnaZuZCvH1u9TXxRn1HsWUVqwu/4fJ0IWsq0NJFxxGimZdykpK0eJKLi6kqZqjZEe9BLlRejSUp0qI9YC0XKiU6IskKKpVZkUFkKG4rZcsOcgQNzihPKI4oLyk0FgnpeoEdyE5KgbsBKisqJUFs3TCYYENgRmqhBGIzVhqMxMC2rYKgWgEDICVclRWmBUrUoOJxDKbS97g1o1LjAXF/4xwt/E+39Bv0/WEnJLkuGOc/2qz0IUXlX+3NEaUqp5kME/7lk+3dKLUak8CWget/kp7kfU2XSZv7T1qR7U7S7uGN98xtmygzeNzb8147Fe3VY/6dOmzrmqH1sPgvPHGVCSS9xJJJMkSXam3GVlkyWqidfTdHUry8eh6+rVaC4vu4+NznHbSwnVuw66IjfaOhQDWsL6mWC5rbU3uBBkvJnLIm17X4LxBkmSZJ1JMk+akLk7a8s9hytVR6bEe2VZzi7K3KTJY5znA3JgkZSRMdYGy5+J7bqVG5HBobwAMSSST4iTJm5XMaEVjUOEfQ0hfgcZi6gHvCOBa0j0T+H7Qe6A4Uze0BrT8vmUjTcI0+SskNGYOHO4lZSin4O1bb2epwPadSnAIe0TElsgE8xY9N16PD4sVG5gxpO+Xw+bdvIr51R7Yc3R3I216pjB+0T2EkNkawJA5rDt5Y7w2+JOWGDKvfSfwPZ1e0WN95pA3vJ/IfFNUnNcJaZGuhFuP6rxLO2w6YiJnJUN/wDF2/3ZOdn9pAHwODXfyusT/bsVvDqs8P3bnBm9kdPkj/57P5o9ZlCohCwOLZVESG1P5DYH+08eRRnsIMEQea9PFmhkVxZ831HS5cEtM19jBCyQtQqIWpzmChuRSFghIQJyA8phwQXBIADkF6O9BekAEqlCogQxTKMwryNX2vYPcpOd/c4N+WZDb7YVJk0mZeEuzf8Atp/tS1o6V0uV+D3DXIrCvI4f2zp/x0nj+0tf88qfZ7W4aJJeOWQyPS3xRriJ9PlX9J6RrlvMvGYz24YDFKkXj+Zzsg8hBPyQaft6d8OD0qH82o1oa6bJV0e5lcLt32np0JY3/mVf5QbN/vdt0F+mq8pi/avE1GubLaYd/wBsEOA4ZiT6i/RcQBTLL6HVh6F8z+QbtPtCrXfnquk7DRrRwa3b58UIFZ7tW8cAsG7PShHStizyUaVl0qpQVe5ohQLMq3DqgVmwVYchLYSotSYQPRadcDX5lKqiSlVlrI47nQbjiLSY4TZBLidwllUpKKXA5Z2+Rgu5hX3hS7nKwnQLJ6BXPlabXi2o4JYqQikHdkuDt4DtrJAvHrHT6L13ZftaxzQx7geGe3o7ZfNoVyspYIt6lsy31GpaZpNH2ak9rxLT1EjM3rGo5hXAXybA9qVaUZHkAbaj028l6/sf2zYfDiGlv9bRmE/1AX9JXTjzSW0/n/w8nqfZ6fvYfk/9P8+J6khYcqo4llQZmOa5p3aZH7qPXUeS006YN6A9GegPSJAVEB6O9AekICVFCogR8zC3n2QlJXOfQG5VyshEZTSGk2ZbdGYxaYzgjMw8C6lyNYYWDyrTWJhlAojsPHPoocjpWFsXdb9FT2aLonAOazOcusRN46enqEi7gkpWVooA5nFVTpE2CMWT03WWNAvpw/dXZjoVmXU1dOkTuPOFsGVio7glbKlFLcjaJPGN/wAvmtuoRst4es5ptvMjYjdNVcXJmIJ4wbwBM+qTbLhCNHOcwq2UTunGwbaGANhe1yfVdDBYRnvvqNiDLYk2MRB5X+iTnSKjiTZy2UQTBsrq4KPqujVe2+Vu4Oh0MwNwPOUPvGmIF7biIj991nrkdPahVM5degRqNd+KFlXRrEk5Q2w4LIw3Gy0U9tznlgt+6IFslTuyuqzDATw4amFtmAJBdsACb6A6Epd1D/Ss5PcKu5K7Qw7NSW+c/fosuoMM3iOHyup7xf6RHH7o8FYaV0QB9JhZkD7Bsq7hPYS8mcDjKtJ2am4tPLQ9RoQvadn+1jHtDK7O7f8Azj/Td1m7PO3NedwVWkJ7wE7BoAJPQ7ffQkNZhFwWgmw94AcDxUrPKL2Q8nQYsyal8/J7Q3uEJ4Xm8Nnpj/p6oP8A4nyWf4E6evmuhg+3GuOSq00n8He6eh2848114uphk/yfPdX7KzYN0rX8fYecEF7UdyA8rc8wAWqKy5RIR84pYF52JRGYQ8gm8g/YrVN0fsFwPIz7NdNBAaWFG90Y0JsGm/AIrW2mQi4bUeSzc3ybxwxqjYwAaQ0EE20vc/PZNuwjQ0l5AjNAvMzw43I6rNVplpFhra+8+fJLua6pJmY05X4eam2/Jbio7JA6ckw0SY8+ei3ReQRAabzeL+fltdacSwxadCYmNj1Ua4NvF4MAgeZg/n9EWDpcmxXqDMZMOGV1jccPWPRLVcNOgIF58tE5XeYaSIm40GkTYXH6o1FmZpJi15BuOo3GinU1uW4xaOMME4X1VNpHYacrfuugKgGkz0Bv0S1WpY8SdFqpyZjLFBIQe0hDJTNOg6o7KNT0j1WqvZdRuo+/zWmpLZs5ZYpS3igdOvbnp0+5Pqs5dpVtwbuSaoYISAXfltOv3sm5JBHFN8gKTTEyAZtzIumqQdrY8QZU8LSZExIEOm43R2Na6dRPnPKVlKR048a9RWXPfmFtbNnYcNh9FpgLfPlzvHmFZpx8v0W8LRzGNY1H8XVvPkUNqg0uPJbamaNAZMm/x4Iv4dwGazoF4hxHODp1V4fDB3uuB9BHu8eZI20RsPXc11zcXHIixJ4aD71yk/Q2xvUKMqELQqiDLogcSZEiGgep9E5iKY1LrkXFusyEm2nmNoHEk6dboi0y5xpcgaVY3LdT+fHirAIGtwfdP/0mmVRTkNaDmaBJnSLw3YzHHcboFepc21I1nwjeeKvlmXBf4bOTBIAG7ZcbSSY2VsptGpzfD4aqm1WkZWkifeG0SA2fM7cVhzoOh08viluOFchaBgkiNteRB9bfDoqLbxEi/OIEmDySwq2sL7+tvOFulWbPiaTAgAGJM6mQfuE2mCl5GaNBzgXAiG3MkAxtAmSSs1D/AJAaDfoDskjUJ0I+HHncrVN8CJ0tz+CWkpZLbTGqGLqM9x5H9MhzekHRem7L9p6U02V6LmNFn1aBBLtw5zXg6HUSZ6CF5A1D18lYJH7Qq1yqjKfS4pvU47+vk+q4PHsyNy4rA5YgZ6TM8Cwzy6c3GVF8wGOd9z9VEdyf4zL9Bi9fohNxUtp9/FZDlsRv80G/JqDx+qvT6rOXnZbzTz66+oSKS2PQlo7uTsJ3sRoRwMrlOp+IaWPGQY6LpMrDLlG4AAg3mAOsIZpgZhIMAlxEDTwmDPwHBYQdWayjdCOOeS0zIOo23mb7kGUi2pEmxJaZFt4It1Gi9LjMK19NxJ8USTfTYfAfNeagZTa9rnzmy1xyTRhmgxynWEAOjw6AxMEToLR5ap2hVBfNocMsWjSDMxF4K5pcxoy5swi5NhO8bx9Crwp3gWm+/qk4hAI+meAF439SSVRiAI3OvktvqSLxpHpxUfi7CzpaCB4rayNUK2XJUDqMabBwEwZidAQQNOJ+CNQe65AcW394Cd43N4S7nNzazInWL7jmrMgA5jAOn3qqa2oSq7RKlOCRf9FXeQAJNiT6xoVKjidOAQhEx89uqaCaQfC0ZOa0Z2iPDmMzJIOwA1KurhyQS2LSDl05wJPFaw0XJcQIkAXkyLHylXh6UXvxN7GdQY+7pSZEI7tNGMHXp5nMdmae6dlJaX5XnwjTkSRppqnMDkAeZggkxcHfQ6xaNNjqkMsuJAbJ3PXj5pmnmyEBxAsC0OMX1JboRz6JuqM9LTtsqpRuSGxMyQY16aD6Jd73aA7iLxGUwD5QnX1ADkYCLmZI5SeBuCR5IbqTIOjoGt7cOvDyUo1btcGWVjlLCQQIuJuep5EDbRXgu0DSzZQAT/FfMNLdLJUYl2YkwQREaAbzA3Q3OT0htpqgz6wJbm0FrC8HcnU6A+SVaJMcFZeAJPl+c/eytrpBM8hzmdSqqiNrKeYIjabWlUKxnUXgGRMcTfe5VVB1QzdUkKSdm2VAARbXXQn4/BZfUMDhrEX9Vj75LBdIjrvqnRMpUqNOeeA9OGw5KFyGBzVEAboojUw7cQd1Qxh0n6JfPKp/D9UaUV3peGMd+eCiUjqojShd6Y60yiE2hRRQzfwXmhWTFlFEFHWa05GTYloII+HyXRwuOp+KQWnwgkaCNYZ1JKtRYOKkt/zc3vZCGMxR8WW1MktHEgAajjB+JXLxTfmD8N/VRRXDYzkCEDTW10em/WdDMRba1uqtRaMyhyyg/wC+CwFFEGnJBdacY0NvP5K1EBWxQqENDTpqI2Kpp4qKIJ4NMn76rbyA6GkkWuRG3DZRRIZTgdeGh+m61TcLqKJcouqZT6nn6/mhVJdMfY5KKJ8C/c6ZgGNNFRMqlFRlZThOqj6kDpZRRNBLZNlPqaz5QgPBIPl8dFaiOCJb7GTp9b/BZz8gooqRzydPYp0lZJCpRCHJ06GWMjXQ/LotMjXlwUUSlwawe5ZnYKKKLKzt0fyf/9k='),
(18, 'https://images.unsplash.com/photo-1519681393784-d120267933ba?w=800&q=80'),
(19, 'https://images.unsplash.com/photo-1561214115-f2f134cc4912?w=800&q=80'),
(19, 'https://images.unsplash.com/photo-1558618666-fcd25c85cd64?w=800&q=80'),
(19, 'https://images.unsplash.com/photo-1561069480-26a0ad2e08a3?w=800&q=80'),
(20, 'https://images.unsplash.com/photo-1549490349-8643362247b5?w=800&q=80'),
(20, 'https://images.unsplash.com/photo-1541961017774-22349e4a1262?w=800&q=80'),
(20, 'https://images.unsplash.com/photo-1550684848-fac1c5b4e853?w=800&q=80'),
(21, 'https://images.saatchiart.com/saatchi/1874890/art/8827728/7891102-HSC00923-7.jpg'),
(21, 'https://encrypted-tbn0.gstatic.com/images?q=tbn:ANd9GcRrp0IeI52fkReehy8A21IK6GcCAvyHud47iEreMbHmNg&s'),
(21, 'https://encrypted-tbn0.gstatic.com/images?q=tbn:ANd9GcSbDUcXICxpDNIN1ws65K2_crGDYsfwvEYrRN9a-sqIiA&s'),
(22, 'https://images.unsplash.com/photo-1541701494587-cb58502866ab?w=800&q=80'),
(22, 'https://images.unsplash.com/photo-1520052205664-74d5b730f3b3?w=800&q=80'),
(22, 'https://images.unsplash.com/photo-1482160549825-59d1b23cb208?w=800&q=80'),
(23, 'data:image/jpeg;base64,/9j/4AAQSkZJRgABAQAAAQABAAD/2wCEAAkGBxAQEBAPEBIPEA4QEA8VDxAPDw8PDw8PFREWFhUVFRUYHSggGBolGxUVITMhJSkrLi4uGB8zODMsNygtLisBCgoKDg0OGxAQGTclHyUtLSsyLS0tLS0tMjcrLS0tLS8tKy0tLS0tLS0tLS0uLS0tLS8rLS0rLSstKy0tLS0tLf/AABEIAOEA4QMBIgACEQEDEQH/xAAcAAEAAgMBAQEAAAAAAAAAAAAAAQMEBQYHAgj/xABDEAACAQIDAwYKCQMDBQEAAAAAAQIDEQQSIQUGMSJBUWFxshMjJDJygZGhsbMHJVJzdMHR4fAzQpIUovE0U2OCwmL/xAAZAQEAAwEBAAAAAAAAAAAAAAAAAQIDBQT/xAApEQEAAgICAgAFAwUAAAAAAAAAAQIDERIhBDEiQVFxkRMjMmGhseHw/9oADAMBAAIRAxEAPwD2QAFVgAAfnP6UV9b430qPyKZy2U636T19b4z0qPyKZy1jSPTKVeUmxZlJykivKMpblGUJVZRlLcoygVZRlLcpGUCrKMpblGUCnKMpblGUCnKRlLspGUIU2GUtykZQKspst115fgvxmF+dEwcpst2I+XYL8XhfnRA/UbABk1AAAAAAAAAAB+e/pNj9bYz0qXyKZzGU6v6S19a4v0qXyKZzOU0hnKrKTlLcpOUkVZRlLcoygVZRlLcpOUCnKMpfCk20km29EkrtvqRlvZ7g4+FTV8vJi1m5V7PXT+3gVtaI9rRWZ9NblIym32tsp0ckovPRqpulUtlvbzoyXNJc660+cv2NuxisWs1KCVP/ALlR5IX6Fzv1IbjWzXyaDKRlNztnYOIwkkq0LJ+bOLzU5dkunqeprHEnaNKcpGUucSMpKFOUjKXZSMoFOU2W7MfLsF+Lw3zomHlNju1Hy3B/i8N86IQ/TIAMmoAAAAAAAAAAPA/pIX1pi/SpfJgc0onU/SNH60xfpUvkwOcymkM5VZScpblJykinKTkLcpOUgU5TY7F2LVxdRU6SWms5y0hTj0yf5c42Xs2eIqRpQ4vzpPhCPPJnqW72zadKj4OCSWed2k1KbjJrNJ8707FzHnz54xxqPbfFim/fyauhsKhg4WprNVs89aWs31Jf2rqXvOQ3nilTX2s8bPsT/U9H2lC3KfDX4HM1dnxrRmppcpvXo5ro8EZdfFZ7eG41DF3dwdLE01ha2bwc5QmmnZqrTSi7PmzRTTPQ6NKMIxhBKMIpKMUrJJcEjz2hQdB04p608vKXO+N/50nf0qylGMlwkkz2YrxaHmy01OzF4OnWhKlVip05q0ov+aPrPI97N3JYKrZXlQnd0pvj1xl/+l7z15VDD2vgqeJpSo1PNlwa4wkuEl1o3idMZjbw9xIymy2rs2eHqypVFyo8GuE480l1Mw3E0ZqMpGUuykZQhTlNju3Hy3B/isN82JiZTYbuR8twn4rD/NiSP0eADJoAAAAAAAAAADwz6Q4/WeK9Kl8mBzuU6f6QI/WWK9Kn8mBz6iaR6Zypyk5S7KTlApyEqBblNru7hlKtnkrxowlVate7j5q/ycSLTqNymI3OnR7D2csPTjHR1alnUfRK75Hq19dzpdnpuGlr5pW/yZqLRn4PVJulTba53K7fvbN9gL5bc/8AP1ONe03ncupEcI1DX7QScZJ3duHF+w1D0SXRr2nT4yilG3bxOaq005W6b6mWWemuL21+0pcuOmtvV1fmb/d/EZqThe7g7r0WabaNG6VunR+8t2BWyVI3fJleL6LPh77G3i5OoZ+RTe3RTmfKmfFTRtdB8pnSc9rN5tkrFUtEvDQu6b6emL6n8bHmkqbTaaaa4p6NM9fuef724RQxMmlpUSn63pL3pv1mlZVtDnshDiZDifOUuox8psN3Y+WYT8Vh/mxMbKZ278fLMJ+Jw/zYgfoUAGa4AAAAAAAAAAPFt/Y/WOJ9Kn8qBoFE6TfqP1jie2n8qBolAvDOVKiTlLshOQkU5Tot3I5MPiqltW6UF2Xcn8EaTKdfuxhXLB1Eldyr6eqMTDyZ1it9m2CP3IHVjnpuCsvBQ06bcTf4TEJtJLmS042OVx2DlSnBrWORXXQ9bq3OjfbBq304dX7fzgc3rjuHvn22+J1ir9l9Tn8VHK2dPWacOk57HJepszmNxpas6ajEerg+wppUXCKd3qtO3iZWKw7TS5nw6l1k4iPJUeaKRjTJxmG9q7iW7lPNGE/tR19JcT4TMXZFdShKl/dDlR648GZSOzS3KsS5V68bTCTkt9Y8uk+fLP2XX7nXHJb4SvVhHop39sn+hrX2yt6czlIcS9xIymjNjuJnbAj5XhfxND5kShxM3YUfK8L+IofMiB7yACjQAAAAAAAAAAHkO+8frDEdtP5UTRqB0O+kfL8R20/lxNMoF4UUZSchfkJyAUZDs91NMK+qu211WgcpkOu3NSdKpF6LwiV+LWaKVzDyI3jt9mmGdXh9bZo6waaabl7T62dh1munZ21X6Gy29hUop9DXHhwsa7CuzT51a/Scit3S1uG8y8njZc+vMaHaMHr7UbqnO6s/WYWPpc/SjSsoa2c3b2eyxiTjxuZUpWj2LiYeIrWfqf8Awcy9bRaYe2kxMKNm1XTxCf8Aa5avmcXp+fuOhnCza/ljncI05Sv6+hHRU5ZoQlxdrP1Hc8S3w6lzPJr3uCxxG3KmevUfMnlX/ro/fc7TE1ckJTf9sW+3oOEkr6vi+Pae6rx2YziRlMjIRkLqMdxMzYcfKsN+IofMiU5DM2LHyrDff0fmIIe2gAo0AAAAAAAAAAB5bvhHy6v2w+XE06gb7e2Pltfth8uJqVAsqoyE5C/ITkAoyHQ7qPStG9tIO64q19UabIbbdrSrJc0qcl70VtG4mFq9S63bVK9OS51r/wAHP0I+022NrTcIZn/UhG66GtH7Wa6PE4M+3Tp/Fs8PJPXj0nxjad+z3FFOfP7ue5kynmXHT8+gnlpOmgqRTm46paGtxseTK17q+nO+pG5rQtJ35+BqcfDxqau7J59brNb4i9OUxppS3FTgYcldL1b5jebMndSj1XXajTZtFzfCxfgcQoTi7uykk+x6Nv1O56sU8bRLz5Y5RK3eOtaEaa/ud32L97HOZDc7fd6zXNFJL4/ma3IdOHOljZBkMjIQ4FkMfIZexoeU4f7+j30V5DL2RDyjD/fUu+gh68ACq4AAAAAAAAAAPON6Y+WVu2Hy4mrUDc7zR8rrdsO5E1uUlCnITkLspOUCnIZ2xdK8OvMvbFmPlL8JyakH0Sj8SJS3mIv5uukpPqV7PQx5LUsx8ss3d2TivzMR4hWvdHDyxrJMOnj7rD42nWUYZm7WatK9l1XLaG0ISgpwkpJ9DT1WjTNNtXFQnCUJWlF8Yy1T6jmcBhGqznRVXS/i4vxV2usrFYmrTt2O19pRilPi02kuF3zK5Rh5+KXO7N36W/8AkxMLsuc5eExD1vyaaayxVjNo0WtNEktC9IjWi39Gvc3KTVrJe/Qt0XD38C2pRa9t+w+W1HmNuUM9MnaMc8KVXi3HLP0o/wAZr8htsOlOjOC5uXG+ut9TAynSxW5ViXPyV42mGPkIcDIykOJozY+QydlQ8ooffUu+iMpkbLj4+j99S76CHqIAIWAAAAAAAAAABwW8i8qq9se5E1uU228K8pq9se4jXWCFeUnKWZRlCXwokpH2kTlAv3mrZHTl9pStp0OL/M5zFY7i1z9djeb7O1GlLmUpJ9jh+xzmE2e6iVSq8tPRxg1aT65PmXUcjyax+pLp4J/bhOGw0sRK+vglxlqlLqTN1CrSorIsqfNCGr9hz2O2pOcnh8GksqtKfCMCMHuu58qvUlN31s3GP6szx4r3/i0vetf5S3eL2qoaZXmfBOVOHr5TRqK22sbrajT6nGaqe5Po7TLlurhHxpp9d2YOJ3PpxWbDynSmuFpSsbT4uWI31+P9soz4pnX/AH+FtPbVbLedNPpUU4y9Slz29pfSx6mrxeaN3G+seV0WaszmqmKxOGdq6c4LRy/utfRp85mUsQp+MgsztrG7iqkX0W4S6Dzxa1J1eOvq9HCto3V1uxMQ1KKs7Xs762TvbXtt0n1XpZZSj0N27OY0GB2hJ5J2cXdacbrjzLgdVtGPLv0pHS8S3Uw5/lV1MSwMpGUuykZT1vKqymRsyPj6P3tPvorymRs6PjqP3tPvIIejgAJAAAAAAAAAABxG8C8pq9se4jAsbHb/AP1NXtj3EYCQQ+bE2PqxIS+bEqJ9WPqOjT6GgPreiip0qd7WjWi9eGkZHF7UxsqklRpPxj4tebShzy63+x2e9NWMcO5y82Dcn1pQk7HC7tK8Z1payqzbv1J8Pbc5nkY+eXU+tOjgvwxb+boNjbMhSgklouLfGUuls2liMP5kexFljoUrFY6eG9pme1diLFhFi6jWbVwkZRd0mnxTV0zz6c/9PXnTjdRvmj6LV7df7Hp2LdoSfUeb7zwaqRnx0av1a6f7veeHyKRvX1e7xrzEb+jeYHGQk6WTVzfKfC3G3w4dh2uO4r0Tzrc+n4StRj9l3l2L9keiYp3k/YV8HHx5J860TNfsx7EWPuwsdB4HxYv2evHUvvafeRXYv2evHUvvKfeQQ9AAASAAAAAAAAAADjNvf9RU7Y9xGAbDbq8oqdse6jBsEIsLEkgQSCbBLC3qg6mAqx4uKTa6Un+h55u9tZQiqM7Jx4PpTlJ/Fo9RSTTjLWMk1JdTPNdtbp1YyqSppNQb04cnjp0/E8PlTFJi1vU9Pb40c6zWPcdux2DjlNOnflR1XZz/AM6zbHkWztoVaclKLalH4nYbM34oy5OITpT+0k3F+rmN8WWNaljlxzE7dZYg1M96MCld4in/ALr+yxz+199s6cMJGWujrSVv8Y9PWzSb1iGUUtPybbePasY2oxazN8vq6n8fYcFtTGKpJtcOEXzaFVTFTemuZt5pPi78fzL9hbHniaqSTy3WZvo6L81/geK9uU7l7sdOMadl9HmzskJ4mXOrQ06dWdM2RRoxpwjSj5sV7X0n0ezFTjXTx5b87bQCSDRkixfgP61L7yn3kUl+A/q0vvKfeQHfAAJAAAAAAAAAABx+3F5RU7Y91GDY2G215RU7Y91GDYlCAfViLAQALkCTBx2MpU5RcqlOM3aKjKcU53eis+JyW/m3K8Kiw9KTpwyJznB2nJyvpfilZLh0nByi734t874szy0rkrNLxuJa45ms8ol6FvFsylKXhY8ic3ylbkylrzdPxOVxeElFtSp3S51qu3gZWyN5HlVHE8qK82bfsu+KfWb2NSE1yJKTt5s2ov8Ay4P3HJnxcuCPg+KP7unTyMeTq/UuPnRp2SUHmvwszLoxkrWhZdGi+JvsRs+S82UYJ2upSg0uxp3PirXw1FZ6tSLatfImk30dL9Qr+pk6iv5WmcVO5n8NbS2PKtNRS853dug7/Y+y4YaCjHWTXKl+h5ttPeutNqOHvQpppqSt4SbXC75l1HRbo721K1RYfEWlOSfg6sUo5mle0ktOCeqOhgwcO7TuXhz+RN+qxqHasg+cx9JnqeMBICEWL8AvG0vvId5FRfgF42l95DvIkd2ACFgAAAAAAAAAAcltpePqdse6jCsbDbC8fU7Y91GHlJVVkNFuUhxApZ8SZdKBTUiEvNt8ql8XU6lTX+xP8zQStzr2cDeb3RaxVW6tmytdaypfkaCTKS1j0rqUIMimpw8yo4ro4r2M+pHwyEr62Kry0dRepfqYcsK5O8puT63w/QsJQQn/AEyjxkm1bRPN8NDb7rRSxVFr7f8A8s08UbTYLy4mi/8AyR9+n5kwiXqUZFsWY9JMyYRLsko+kiVE+1ED5SMjALxtP7yHeRWol+CXjafpw7yJQ7UAFVwAAAAAAAAAAcxtf+tPtXdRh2M7aq8dPtXdRiEqvmxNj6sTYCvKfMqZeLBLRbZ2BSxMbTVmvNnHSUew4naW4mJg26ThWj0XyT9j0ftPUrDKQmJeG4vY+KpefQrx61SlNe2N0a6rNRdpNRfRLkv3n6CyHxPDxl50YvtSZGk8pfnx4iH24f5RL6FGU/MjOd/sQlPuo94/0NL/ALdP/CP6FqpIaOTxnA7sY2q1ajKC+1VtTXsevuO03f3RVBqpUanV5mlyY9h2fgxkJRMsKGGsWqiZOUnKSqx1TJ8GX2FiRRkLsHHxlP04d5CxZhV4yHpx+KCHVgAquAAAAAAAAAADmtq/1p9q7qMUgEqvpEgASAAkABAMABKAAAAAQkMAkQAAgLML/Uh6cfigCUOpABVcAAAAAf/Z'),
(23, 'data:image/jpeg;base64,/9j/4AAQSkZJRgABAQAAAQABAAD/2wCEAAkGBxISEBUPEA8VFRUVFxUVFRUVEBUVFRcVFRUXFxYWFxUYHSggGBolGxcVITEhJSkrLi4uFx8zODMsNygtLisBCgoKDg0OGBAQFy0dHyUtLS0tLS0tLS0tLSstLS0tLSstLS0rKy0tLS0tLS0rLS0tKysrKy0tLS0tKzAtKy0tLf/AABEIASIArgMBIgACEQEDEQH/xAAcAAACAgMBAQAAAAAAAAAAAAAAAQIGAwUHBAj/xABHEAABAwIDBAcEBwUDDQAAAAABAAIRAwQFEiEGMUFREyJhcYGRoQcyscEUI0JyktHwQ1JiorLC4fEVFiQzRFNjc4KDs8PS/8QAGAEBAQEBAQAAAAAAAAAAAAAAAAECAwT/xAAfEQEBAAMAAwADAQAAAAAAAAAAAQIRIQMxQRIyUXH/2gAMAwEAAhEDEQA/AOIlMJOQ1FSCTwmE3BQYkIKFUCEIQKElJEIIoThEIEhCEAhCEDQhEIGhCaACmFEKbQoqLlEKblAqiYUgoBTCgxuCisjgsZVKsWw+C293cOpXVyaLBTc8FoBe8tc2WtBEe6XO7mq+vwvCbahVt2U+lqiSH16YNSo07ujI0YACN0E7+OnJbW4dTe2oww5pkH9cOHium0xSvqDatEkvbpl4sc0SGTx6ogcCAuPl3/eNY1VaGx7qoc6nXYDLAym4PL35yQYytI00k9q8ONbK3dq8tq0CQJ69PrsIHHMN3jBVqLOjGUOdnnSNIjjO9eW6uXMplv7+hESCY3mVJnltOfVFQt1iFkx0OaejcZkOJykji0xppG9aepTLSWuEEbwu0u0sRQkiVUNCUpoBEITCAAUg1AU2IoaxZmUypU2r0tasWjWuWMrKVjK0UBTCxhZAgZWMhZFFwQQV09kdxlxOnTO6oCOzqdefwtePFUtWz2WU3OxWhlGoFY931FQD1I81M/1q4+1hxillvKjNeo+o3yeR8l5b6mHNgxprPLtW42noPFxWruGVpqPDJ96o7Mdw5Aak/mFWMUqHozB1kSOY4rhj2cTKarwXRObUS0awJzTEdXvmI3Lw7RWoaWVGn3wQRycyJ8ILR4FZjUe8k04MaSd+u6PIrXYrXe6pD3Tl0HLXUnxmV1xnV+PChNC6MoppoQJNCaAWSmVABeik1Sj0U45JvqclizQsD3LOmiUHKYUXLSIKYUFIKjIEiEBSUVihdQ9gWCPq31S6yno6NIgu01qPIysBPGA4+XNWH2dey60NvSv8QcKhqMbVZRzZabWOAcwvjV5iDGg1gyrLtXtoy1izs6QYGs3sa1rQfstYGnQc+OojmsZZTXVkG1GE2gqdLevc9wa7JRY4NbTpg6xqOwlx49gAXPMcx3DWno7awbVOgHXedToetJk9xKw/RLvEHve+oW0p6xJdknfEEzUf3kndJAWnxnEqFqDRtPfmH1oBd2hro9BA7zqvPJu8dLydec0iwue+nTpZtzM5zCDO7WPEysV3h9O6aHMLWVgOJ6jxwBPAxuO7nG8aQVS4ySSTzJJ8ZWxsrd0S0Gd+nJdfxs7tj8vmmhr0XMcWPaQ5pgg7wVBXAinXb0Vw3K77FQe+3w+0J3t74g6rT3uzdwwF7afSs169KXiBvLmjrN8RC6Y5y8rNx/jToQhbZMJhJTagbQshOihCi4qKk4rGSglJUZQUnIamVBAoCZCiFRkCmFjCmFFdnwDaZ1XDaFJmhZSbRcZgjohk9QAfFeqls5LPpF44spEggyOkqHsJ3Dm4+ErT+yHCgyhUvrqOgLvqmH7b2y17j/AIA7S08Br5vaNtQ65flYTl79IncBwC45Y7ull11qttdsukH0a0inQboAwACOTTvIO8knX40B75Ky3DtVgXTHGYxN7em3dqrXgTi7qtIkCVTmOhb/AbiHiN6mURHHw4VAGzJ+J+a3Wylpcue2a1RokQWvIO4jUcTr6L04pZBxbXYJLTJbzHFXLZ3GLQZTAk6PaTB9eIXLyZamtN+Nz/ANouCikKd1ADqznBwAjMQAS8jgZmecqkrsPt3oTSs6tGm7oia0uymGuIp5Wk7gT1oB3wuPLt4/1iZ+zQhOVtgZlGUygIBJMpIqYUlAKQQhFRUyouUDCmCsYKmEHWmVz/AJPtaDXQ1tCkY7Xszk/iLlTcXpuB6xmJ4K1bPu6SyoP/AIMh/wC05zB6BaDaSnqTz+ax9ZUuqVABTq71FbaBC2+zboqAk7lqVnsHkOgcd6UXg4lkdoA4EawePJZH1+r0tIweJGjucKvtqgNzHgtlg9TPSfppoD96ZHpPmuW+ljpuwW0VO9oVcMv2hzX0yMx0LmwAWnk4aEOHKd+p4btNgz7K7rWdQyaTy3N+806sd4tLT4qy1b91rFZs5s0aaEjj6Lze0p5q1qF3JIr27DmMdY03vpndxhrPNax5dHxUUBJMLohoRKSKSEIQMKYKgE5RE1GE0KKgFkCxlTCo6FsHWzWjmE+5VcI7HtaR65lg2ipwwuheT2d1evWp82Nf+B0f21ucboywiVi+2XOrxsPMc/71jC9eJU+t+uC8MrSpQvXhTfrQ0/akfrxWBglTovLC1/Fjh5HUfA+aK9V+8lzabQSSdw3lx0A7/wA1c8Ow7oqDaR1IkvjcXO3+W7wUsKwmjnN4NS4BzZ91sjUgcyvddE5hA1PoFlm1psTtekI00Gi8u1dVlXDbJzP2L69E9odlc0/yu81tcX+qpPfI0Gned3qqxQomphtxlj/R61Cq7nkqipSJHc4s/Ep9axV6EwhC6BFCaSBJJpIGEwkmiJBNIJosRcmE1EIixbEVst2B++yo0d4Gf+wrtfUg5u7h8FznAK2S6ou/4jQe5xyu9CV0u4aQJndqfn8lmpVBxu3gzwC1V3bGm4seIc0kEHgR8e9b3abRv3jHzWOqBXoNqn3w0MJmZNMZfMgA+KlumsfTW4TRDn5Sd+g0kTwlezEcPc1job7wiORaQY9DHYVHCaPXHeJ8VaNoKIFFjyNc0eAB0KbK8mw2J5m9A47t33Vaqdk4vk+6N3cuW4VcmjcteNIdB7iYXYbZwLc3CJ/vSs2KXt/cBmSk3te74N+a12yUCzxN79WG3YzXd0hrMdTI7Q5o81rNp77pa738zA+6NAttVoOp4Exw0Fa6GbtDWVCAfFrfwhK1iqUJJlRK0AqKcJKgSQhENNJCCQUgoKQQNIqSRUU6dQtIcN7SCO8GQuzYgZaSOPz1XFuC7HtC7o6bGxq4MG+N4CVmud7VVJe0Runz0Xs2SsHV6Fw1gJdTNN47nBwd/SFr8fBLi+Ptx4R+YXRfYjg5dQubl3umpTpDtyNc53/kYueV3i6Saqn2Nr9aO2J7+K9u1z4LGchJ7z/grjjGz4p3IuWty0quYtHIsgO8DK59tbXzVXHlPlCYXc2zlyq/Vok021W8y13e2C0/hI8l0OwxQHDg+dS3L6QVSMIdNKs3lkePMtP9TVtsJOaxqU49yoeHAgH/AOlr6WcVm4gv1OnHnvXQcXy1Nnhl/Z16LwdJgiozWPvLndwIcrLhWJmrh93bEgZabHtbzFOpTJMdw9VMvlXH6qqSJSK6MkUk0kAhCEAE0k0ApBRTCDImohTAUae3Z7C3XV3RtWg/W1GtMcGzL3eDQ4+C6T7R7mbsUmwI004Hh6Qvd7FtlujpvxSu2MzSy3B35P2lUd/ujsDuBCrftBcfpnSxo4njrp2LFu7o00dDDX3AFGm2atQtbTaXNbLp0EuIEndqeIXcvZlsxdW9jTtrqmKUOqOc3M1ziXPJBBYSB1co38FwGndOzS0kEGQRw10XXtgvaM/K63un5nEE03uMnMN7Z5HeOWvCInr2t63vtLxCm1tO1pxmZJMfZbEBvf8AkuE466XuA5E+MK5bSYt0hfUbGZxMHf8A4qkOpmTmMnWVpj68OGkxVA/3f/splWDZbU1aR+00Ed7NY8ifJaGxZHSTwAb6z8lbdjqAkPiet6RB+JS+1vpWcetMriYUdnabj9IcN30esD+EGPgrLtVhTn1OjptJc4gAAeZlevBNmujt7tpkv+jXDhprLaZMCCZGimWcnFwxt65yUkSlK6ICkhCIEIQgEBCEDQhAQTCzUAC4BxhpIDiN4bOp8BKwNWUKLH1Tij206QpUwG02NDWAbg1oAaB2RC5hjWDtuDB0JnK7kefb/etfsvt5mtxaXbjmYIp1CZzN4NdPEequmEU2vYHseHA8j8eS45bldJqxx66snUqjmObDmmCOSw1q5bBadQuk+0DBw+n9IYOuwdeOLPzC5VUfJhbxu452arZ2+IyIcik/MV4HiBKz2dXeewrSMt3TytZAINXM/vE5B6scrxspZdHSGYaxmPxVXubltWvaNA0p21sw9rujzu/mcQuhWrYZ3/BZhm8d1UDD00HTlvg6fruW92duKZrTGjtHAg7iIIPCYWlxKhnpOEwcp+CyYZW6jKzAYIBPeN/cuXlnZXXxXljj2N4ebe5rWzpmlUfT14hriAfEQfFeFW32pAHEXVB+0p0nnvyBh/oVRXol3NsXgQhCrIQhCAQhCATSTQMLICsQWRqDItlh+N1qPuVHDud+gV4KFJz3BjGlznGGta0uc4ncABqSui4B7LHZfpGK3AtKQ1NMEOrkdu9tPhvzHmAs1XgtdtKrqZa/LUEGdIdx3j5qnjVxIECZ7gugbYYph7abLPDaIbSacznRLqj4IzPedXaExrpJ3Kkso8gszhbtgc0uXooM4cwR5rNTtp4L0tszyV2jXW9aDSfxZ1T/ANB09IXVLC5zUhHBcge/LUew7sx810bZO8D2NHZBT0uXY32WVXrDEi2lUobixxAM6GCZ7d6s4ZHBVd1JratcEb6hIJ/iMkDlzWPJ6Xxe6ou1d2aty4n7LWs8hJ9SVp1mu62eo9/7znO8ySsK6yamkt6EIQqgSTSQNCEIBCEIGtns5hTru6pWjHBpquy5juaIJc4jjDQTHFaxbXZW/wCgvbevMZKrJ+6Tld/KSg77Z4LY4RRLqNP6zKQ6s+DVfpr1vsN/hbA7964/tTtZWvKpD3Howeqwe73kcSrtt7ij3sePDuG5cpa2HEkbv0FknWdz8okr24Bauqh9aRFN9NrmzB+sD4I7OoR4haqrJ08PE7lZti8Lqh8O0a5zXOGh0p5ocfxFSq2D7E+63eCR5FY8QrNoNmoDpqe0ncFucLOao937ziR3EkhaD2nhzehaB1TmJ7XNiPQlViKRcVi97nne4l3mVd9hDmg8pB75hUNdH9mlGaU/xulMm18bT6oO/RULF64p17ipxAcYP8NMxCv9R7WsJJiJ8gNVyHErwVOnqzIOctOm50t+e9Yzm9Hj5aq6SELqgQhCAUU0kE0k0IEhNJAJpJoOofSPpVjTrTLnMyP/AOYzQ+ZE+Kq1/YFsGN4E94WfYHEYL7R25/XZ99o1Hi3+lWS6sswiFGfSpYJT+tIe0GSJBV9ovy0HENDQ6WtGpOvvGewfFafDsJHShztBx7ltr94Lg1ghjRDfHee8rMnVtZMGpxqvNt7btqWrswEsBc08QQJ9d3itjZMgSqrtddvrPFrRBcXkNAH2nEho8JKqRz9dS9j+GVatN+QGC89aNG6NB8dDosuDezCiyHXVU1Dp1Gyxk8p953or9tDtPa4RaNoUGM6XKclJoADZ+08DcPU+qtanVJ9qeIfRGG2a/wCsqCAN5DDo5x7eXb3LlFN/1Th90d/WB+S9uKXdW5rPuKzi57zJJ+XIDgF4Lt0HIN2koR50kIVAhCECQmkgkhCAgEFNCCKE4QgyW1d1N7ajDDmkOHeDK67Y1hVpsqsGj2h3dI1HgVx5dM9m1cOtHscf9XU0+64Zh65kSt02jLoWZzB+ajdX4acrQT4aLy53O6x3chxWbdI9dWS0tb4u5DkFj2Xwlrrk3ZHVpSyn2u3Od3AEjvPYp2do+q4UyYB38mt4rPiuIBjBQo9VrRBI36cGn59qzLtfQ2k2mFEdHSgv57w3tPM9i5re1XVqhqVHFxJkkmST2lbW6oFzi4ry1aYaIW0aK7fk7+C1RK9F9UzPPYvOq0SE0kAhCEAhCEDTSTQCEIKASQhAK7ezeYuGjcehnzeqUr77P6eW2uKu6XNE/cbP9tSpVioOFSqWAbp/Jb6lhmga4QOGmpXl2XsQ1vSu3ndPAfoLb3d5pA81nW/aengvKgpt6KloT7zvlK1VxR0XvqAfoKJaDp2LWhpLm2EaLQYqIaQArfc0I3Kv39GXRG/s4fmgoF/QLHAERLWu/EJXmVq2zw+BTrAaRkd2by3w94eSqoUxu46WaJCkktISIRKJQJCaSIaYUVIFAyooQgaEQpAIEAuxbFYWGYbSLhrUzPI5hzpb/LlXJrK0NWoyi3fUe1g73uDR8V9A3VAMpNa0Q1ugA3NaBACiV4BU0gbgjJpKgHQsN3eM92ZPJp1lLdIytEmI/JJzYOo9V4vp8HTXsMheqndjgNT+tVmZSrrQqD9fJaTEWDfviTI5fqB4rfOJjUDmIWsuOtruBHYQtI01ek2vRfScQM2mu8HgfAgHwXOLmi5j3McIc0kEdoXTK5DJiAT+pVd2rw8VB9IZ7zR9YBxaPtd4+Hcue/xy/wBdZ2KikmkV1ZCEIQJCaEQIQmgE4SCcoGpKITlBYNh2tN7Te9waKYdU14kCAB2y6fBdXrYjnYJGkb4mdOM9vxXCAvVb4hVZ7lZ7fu1HAeQKzZdrx1O6vnfZERxgrwCod+s+Oqozdobof7Q4x+8Gn4hZ/wDOm4mT0bu9kfArNxtFxz68ZU6biNJ7pHrKp42rf9qi09znDymVlO1gJk0SO58qfhV2ujLkj3yQNxj9d69NO4YRDXSfI94KorNpqZ3h48JHoVmp4/SH7QweGVys3EsWHErfMJaNR5wtOyoRof1wQ3aOnljpRPMyvG/EKTtelb+IKZza47jR41h/RvzN9x27sPFv5dnctarc+4o1G9HUqsIO/rbjw7iqze2wY9zWva8Dc5p0I/NXDK+quU+x50JkJLowSEFCAQmhAk0IQSSTQgEIQgkUnJIQSCg5NCCYQUIQBUUIQCRQhBEoQhAkIQg//9k='),
(23, 'data:image/jpeg;base64,/9j/4AAQSkZJRgABAQAAAQABAAD/2wCEAAkGBw8PDxAPDxAPDw8QDw8PDw8NDw8PDw8PFREWFhURFRUYHSghGBolHRUWITEiJSkrLi4uFx8zODMtOCgtLisBCgoKDg0OGhAQFy0dHR0rLS0rLS0tLS0rKy0rLS0tLS0rLS0tLSsrLS0tKy0tKy0tKy0tLS0tLS0tLS0tLSstN//AABEIAQMAwgMBIgACEQEDEQH/xAAcAAACAgMBAQAAAAAAAAAAAAABAgADBAYHBQj/xABAEAABBAAEBAMFBQUFCQAAAAABAAIDEQQFEiEGMUFREyJhBxRxgZEyQqHB0SNysfDxFSQzUlNDYnOCkqKywuH/xAAYAQEBAQEBAAAAAAAAAAAAAAAAAQIDBP/EACMRAQEAAgIBBAMBAQAAAAAAAAABAhEDIRIiMUFRFGFxQgT/2gAMAwEAAhEDEQA/AOmMjATgJgEaWGC0pScBSkCUmATUjSBKQpWUhSqAAjSYI0gSkaTUpSBaUpOQhSIRGk1IgKhKUpPSmlAlKUmpGkTZKUpPSCBSFW9qtpK4KjDMAUV6CJqLgEQEQEaWXQKUpNSNIhaUTUpSBaUpOApSBaRpFGkQtI0jSlKgUpSNIoFpRNSlIhaUTUhSAUpSZRXQVAp6QpEIUrgrKSPQY9KJqUQXgIogIgLLYUiAjSNKhaUpMoiAAjSIRpAlI0jSiALyM54mwOCNYnERxu5+H5nyV30MBIHrS03jvjyRrnYbAnTXllxI3N9Wxdv3vp3XH8a46iXElxJc5ziSXE8ySeZWfOfDtOHLW6+lsm4gweNH92nZIQLLPMyQDvocAa9aXpr5ryOdw0uY8xyMOpj2nS5po7grrnBvGxmLcPjKE1hjJgA1shugHjk1x7jY+ivlGLx34bxSNI0jS05kpRNSiBVAE1KKhUKT0hSIWlW9XFVvCDHpRNSiDICIRCKy2FI0jSlIhaRATUpSoFIqIoFpB7A4FpuiCDRo0RWx6J1rXH8+Yx4QOy1jny+K3xfDDXSth0uJLGnmb0jbeiaRZ3XK+KuB8flzHzNLcVhWV+1BqWNl0DIw/Ky2++y0DFyyPN6VtuacdY97ZMNiZJaI0yQzM0PrnThQPZalPjB0Pysrj4zfUezzutZXY5diJYnCSi6jsKsHZdL4F4bxWZubiZQMPg2v3O/iTFrgSxg6DoXdOl9OaYPNPD2BIHOh3XTeHPaRiIoGx1A7TdeI0ja+fkIWrO91z3del2kqUta4J4qGZMlOgNdCWBzmWYyXXsCeorl6hbMuku3myll1QQpMpSqAgmpSlUKgnpSkCJHhWEJXBBj0onpRRF6iIUWW0pRFRUBFGlKQBFSkVUBajxRx5h8BiBhnMc+Xw2yONhrGtcTW/XkVt9LXOK8Hk8paMyGE16aYZ3tjmDL+64EOAu+RWcp1103hrfc25nx7xdDmUTIvBjaWPEglNukHlI0g1sDe+/QLnU+Cbz2I+JC3z2i8J5XBDHPluIfqdI1roWynEx+GWuPiajZbyHMkG1zeWKYbavqaWNfdeiWa6mjxQMDvNu3stz4BZlLJ9eOjfM3TUYedUbHd3sB83bqPTtoT2SXTj+NrZuEeHjO97pMZhMIyMN/aYqWi4u/02feIo3uKsLWmben0PkGe4Ce4cG9g8ME+EyMxANvctbQBG/Re0tF9nvDeBgc7EQYz36YM8N7mFrYmaqsiMWRenmSetLe1uPPl79AojSCqIhSZBAFEaQQCkrgnKVyIoKKKiaFqKgRpZaREKUiqgKKIgIJSCcIEIAuXe0jgDG4nESY7AuZK57Wa8NK7Q/UxobcTj5TYA2Nb3vvS37iXO4svwsuKl3EbfKy6Msh2ZGPUn6Cz0XAzneJx075sRK4vcXEUSGRDo1jfugf1tZysnu6ccu+mv43EYmJ74Z4XskicWSMc0BzXdj9b+axf7Rb95p+i97Hwbl5suP2ieZPclYc8VgOoUfTkszTtd/LyjjG9Gu+iuy7DYjFStiw8MksjrIaABQHNxcaDWjuSAjKK9FR4rhyNfBUr6B9lnCUuBjkmxE0MssrWsDMM7XHE0GyC/wC8666UK62t8pfLGQ8Q4rDSNdHiJ4vMHUyV4jJ6FzB5XD4g7L6W4azZuNwkOIFW9tSBvJsjdnt+v4ELccM5d7eiompClWAQpMUEQEEyVAClKYpSgWkEVFRYEQoFFlRUpRFUCkQiogiii1n2i54cFl8jmGppj4EJHNrnA6nj4NDj8aUt0SbunLvavxJ77i/d4zeGwrnMbR2km5Pk+X2R8Ceq0/K5C2SuV7JPDpVyEtIcuNu3rwmmyYqG26uYJ3XlOhNlvK759Nv6LYMlInZpFagPs9wFg5jgywnmKP8ANrGOWrp0uO41XE8zfwWM42vQx8XMj+i8t2y6uZl172GcQESSYF7vLKDLFZ5StHmHzaAf+T1XIAV6PD+ZPwmJinYTqika8UaujdfAix81YzlNx9aKJMLM2SNkjd2yMa9p/wB1wBH8VYujzBSVOhSIVKQnSkKhSlKchIUQqiKiBwigFFFMigEUERURQRck9quJ94xjIL8mGj3aNyZHgOcfk3QPquuLiWeRvfi5ZSbD55jdk0PEPl+lBcuXLUduHHd21R2Dsmge4sdFh4+Maa/JbXLHsduV/Ak9VreYgBxr5dV55luvZJ0r4ZzPwJmh41C+TrohdIxOUtxkHixUbBto+02lyDENo2Nq5Lc+COLjA5ocboaSD99v6py4WerEwylnjXh5vgXROLXAg77+i1zEx0V27irKosxw/vGEAMoaXOjH2rHOh/P8Vx/GwnexXoV0489xjLHVedGsiNvIqrRSyIByW7UkfSvsyxZlyrCkm3Ma6In9x5DR/wBOlbQtF9jbycudfIYh+n4aGX+K3tdMe48uc1lYCCZClpgqBCYhBEIQlIVhSkKiulE9IIhQmCrBTByCwIpLRDkDopAUbRThcgw+H/xbokYjFAg2dBEzgAPTZdcBXJ82Z7rm2LgcPLiC3GRO5bSXrF/vh/4Lz8+O5K9HBl3YxpsNYNUdzVVuN1qGd4QjcCuq3/wCCQfqOXwWDmWWBwO3McjuvLLqvVHLZwsW6Ng0RyIWw8QZWY9wDv0WtONWvVhdxzymq2/hLix8LwCacDvvzW0cV8OtzGB+OwLQZ2DVicOwbyCrMjAPvVzA59N+fInXzGxHIhbXwfxrLhJWEk00jULPmb1CxlxWXeLU5NzVa6sjDsshdA4oyLDZkx2Py3S3EHzYnCCgJHH/AGkXZ53tv3um9hx9lvBjsZMMTO0jCwu+8KE8oP8Ahju0dT8u9anqZuUnbq3s+y33XLcOwghzmmZ4OxBedQB+VD5LYktqWvRJp47d3ZlELUtERBS0LREKUokoEqhVFLURGKHoh6xA5OHIjK1I61jBybUhtkh6OpYwcjqRWRqWg+12NgggnYaxcT3eEGiy+A14rT2AppvuK6lblisUyKN8sh0sja57yejWiyuL5xnUuLmfiHg07ZjXbCOIfZaPz7klcubPxmvt34MLllv6bNwpmDcZEPMA5oG19a/+fivc9xIBvezS5fkObDBYi2keFIfM0cmE8wuyYRzJmB7aOoXttzC8eUetqWeZEJGmhvvS5Fn+VvheQWkbml9EOwh5fCr7rweJOF48VGQRTxyPqrhl41L2+e7VUoo2F7PEGTyYWRzHtIINbitu68iReyXfs4ZPXyHOpIXCnEVVjoV27gLjlkobBNTdvI+9gSeR+dr51YaNr18ux7mEEEgiuSWd7idWar621qa1z/2c8W+9MGHldcrR5CTu4AfZPqFvOpbxu3DKXG6X60dax7QtVlka0NaotKSqMgvSmRUEpSVBkeIgsa1ERjgpwVSCnBRVgKa1Vae0DgpgVXaNoNQ9qOZmHCxRN54iYBwP+nGNR/7tC0uOLxIwACQetc1sPtJwzp8XgohdCKZx7C3sv/xCp91ETA0DcbLxc3eT38PWEaZmOVAG+W/Re1wfxccJL7vI/VFRDT1Yd9ir8ZAXCv4rTM2y1zXEtskm/h9FMe5qtWu/ZRmseIHl+XJei6Ifh05UvnjJOLsRgHAE226Idf8APzXW+GeO4MS0eI4Nd1r+Kzcbj7l1fZfxhwjFj4S0jTIAdD63B9fRfPWe5TLg5nQTt0vb9HNPJ7e4K+rw5rm2CCCLBBBWpcc8Fw5nAQf2eIYCYZa3aex7tNCx+a6cefj/ABzy7fNKtidRWXm+Uz4OZ0GIYY5Gcwdw5p5PafvNPdYjAV6vdyrY+Fc2dh8RE8EjS4HbpvzX0xDKHNa4feaHfUWvmbg3J5MZjIYGA0XB0hrZkQPmef55kDqvpZgAAA5AAD4BJNVzzvUXWgSltS1pzNaBKVC0DEpSVCUpQS1ELUQYQcna5UgpwURcHJwVSCmBRVoKa1WCmBQeFxDh7mgdW5a+O+27Xfr9EfcW1yvvtz+KzOIoy7DvLTUkdSRnu8fd+YJHzWp4jisBjdLd9NnuD94elHp6FePlxvm9fFl6P4z8xwjGg8h9FpmcaSTW/wAFMxzuSUnzcx8V52H1PduTR62UmGm/J4mMwzXmneu4XlNMuHf5HUW78zRHoei6C/KGljiAd+XdabjIHNlo8xfPnVrcy+D9tv4M9pMkQEcx1t3+0dxtS6JlvF8c96S34XuOf6L56zHB0dbb33I5/O0+DzOWKqca+NFTLi33iszn+o+hc/yHBZxh/ClpsrQTFK2vEhcerSebTQtvWu4BHLcH7Ksf7y6GXQyFpH96sOZIzoY2Xd+hqu/enJeO5Iy3UbrvsV1zh7i3C4pgBe2+RvY3+Szjllh1fZnLGZTeJ+GuHcNl0XhYdps0ZJX0ZJCOrj27AbBexaaSKhYOpp3BHZIF6pZZuPHZZez2paUFG1UG0EbSlURAlRRAqKiig8tr1YHLCD04kQ0zA9OHrCEiPiqppnB6YPWCJUwlUVXnM2zW/Fx/gPzWhcSZZpLpmA6XbyAdHf5x+f17rZOJMZ4cmHcf8N+uNx7O2Lf/AG+i8k5rFI4xl3ShewJXkzvre3ix9EaVMC3ofjSuwsmkjfqvWx+FEZJaA6I82feb6s7/AAWCcAHN1xO1C9wdnA9qW5lEuLacrkZI2iRfKhe5/ovE4nyC/wBqwbg+auo7qvKsQ6NzbschuCNltsc7ZoyNiaLaNb7bLGU1dwxy+HNsRlpDacNj9N65/Irx8yyrQAWgkHVZPIEdvkunuwDXN01p3qj3WLicmD4i3Tvvy/VSZ2N6305K+Ktuo/Aq/BY6SFwLSdj3Xr5nlehxAXne6ld5nLGPCx0Phf2kTRtbHIdbBtvZLQuk5NnkOMaXRdKLh2u6/guD8PZNLiJhHEwuPUjYMHdx6Bdu4dylmChETN3HzSP6ud+iY4yXcc+W9ar3NSmpVByNrs86zUpqVVoWgttAuVdoEoLNSiq3URHkWgXJbQtZaN4iUypSqnBFXeKh4yxyq3OKAZtC3EQuicaui13+V45H+fVaHPAWuLXCpGEA7733HcHut2kkK8XN8I2YXyePsv7eh7hcuTj8u57u/Dy+HV9niPxTyADuRyKkLCXao7Y6jv0PxHVDCyB5Mb/LI2w79QslkDmnbe+X89F596uq9Vn0L8X5QJ4y13LxW/ZIrqK5r1csxINNa8dNyaI7IMwwLTe5re6XnTZUAdTbjPMaTQ+i15OfjK3BuGdeo0bI2HX1/ivUjwYLeXpuPwXPcHxBicK/w3EPG2xvcd7PJb3lPEEMzWj7L3DkOQKxatxarxZlY1aqrmBtzrr6rysj4RkxLtT/ANnDf2q8zv3R+a3XEQNnmtwtjNqPJzuZ+S9mIgAACl6OLi3N1x5ObXUVZRlkOFYI4WBjeZ6uce7j1K9EKkOTgr0PJd1aCokBTIGtRKjaAqJbUtAVEtoIPK0oaFZSNJpVJYkLFkUppTRtiOYq3xrOLEpjTQ8ySC1hT4PsvddEqnwou2gZxlcwlEkbdWw1aedjr9EYcZp2e17SNvMxwW7vwt9EnuXouWXDMnbDnuM01gZ0ygAfrtXzVEuYgggbnkKoj6rbf7OaeYH0UGURHnGw/FrVn8f9t/k/pz/EtLyS42vY4awUpeNN6R16ALbWZPhgb8CIn/ht/RZ8bA0U0ADsAAFZwfdMv+jc6gQQgBXtCACYBd3lO1XNKqaFYERYCjaQFG1A1qWltTUga0LS2oSiDqUS2ooMYNR0qBMtgaVNKZRELoU0J1FFV+Gl8NWqIKvDUMatpSk2KvDR8NWFBTakDEdKa0EEpMEqKBgVLSWmCB2lMkCYIgoWoUtoprQtLalqA2oggiETBRRVDKKKKiKIKKKZFRRAECoogCCiiilRUURUUUURECcIKIU4UKiiICUqKIqKIKICgooiP//Z'),
(24, 'https://images.unsplash.com/photo-1541961017774-22349e4a1262?w=800&q=80'),
(24, 'https://images.unsplash.com/photo-1506744038136-46273834b3fb?w=800&q=80'),
(24, 'https://images.unsplash.com/photo-1501785888041-af3ef285b470?w=800&q=80'),
(25, 'https://encrypted-tbn0.gstatic.com/images?q=tbn:ANd9GcQPnFrbAPqp-oynIeQ7ekb3pTpn6GEUonnfdg&ss'),
(25, 'data:image/jpeg;base64,/9j/4AAQSkZJRgABAQAAAQABAAD/2wCEAAkGBxMTEhUTExQWFhUXGSEZGRgWGBgYGhobGh4bGBobGh4YHSggGBslGxgaIjEiJSkrLi4uGB8zODMtNygtLisBCgoKDg0OFxAQGCsdHR0rKy0tLSstKy0tLS0tKy0tLSstLS0tNy0tLS0rLS03LS03LSstLS0rKy0tKysrKy0rK//AABEIARMAtwMBIgACEQEDEQH/xAAbAAACAwEBAQAAAAAAAAAAAAAEBQIDBgABB//EADwQAAECBAQEBAQGAgEDBQEAAAECEQADITEEBRJBIlFhcYGRocETMrHwBhQjQtHhUvFicoLCBxUkg7Iz/8QAGAEAAwEBAAAAAAAAAAAAAAAAAQIDAAT/xAAfEQEBAAIDAQEBAQEAAAAAAAAAAQIRAyExQRJRMiL/2gAMAwEAAhEDEQA/AJYHHVKWFOtz/uG8xAVKlru9+xMZoFKSSSXpRt/C3OHeSYtKpaEka/mJa1aAH1iVxXmRrmYdBDOGIAtRvo3tGFTKAmVLjVRXt4Q+mzDJmBIUClQfSp7OzHtzjPZrMY6bbs7h7Gt4aUL0OxsiYjiTVDOWLqT4coXTcdMKQLUoauRSpfs3hBkrNgyEBTB+I7E7QBicYdXEComg9oIbWYXHFSiopYgMQLE86W/uCMuUlM1Bs0wWIY1tAOBw6yC6SA5JcsS2zCsMESdSEkkIIU40gPtz7RgraZyNBSQl9aQoNsU1I7ECGmNnOBp/dY03tCrH4ha5Ekfs08JsogULjYxDLFKMtDmibPdrekVnkc99sMcon6eBViAXPOobkLese5zjkykoUGJWWApUXc8hRo9lYfWGpSv3zEClAQpWr5VgEPVjZu1zBndNeoNw2KLAqCQf2pDs/wDreC5EkFKwU9LAXrTpWBcqlhSXcE7DkPtoNTNKVK4HFHLij0t5RshlCflyFB0DQD81KHYt3hmqSuakAJSkfuoHbl05wHilzWUyB2J5fSJYTETaFwHDkCtru/eDJprUcNLoSQL0cBr8ucezUpKWUhN7sNjvSCllrmt6CIqU9GgbEmz2SlGHnLCQFBBNhQ7GMZJmpVUsEPQNxE0/qNl+L0acFOPNIHrGAyueBXe3asTzo4n0hI0kFCQeEgNZ+cPsJiZcoK+JoKrJSw6RkMbmaUudXKvNjAeBxRmTlzVOUj9x6bCE497Gjs1wmuYVrKSDZkgeJ2A5eMdAOc5gS0tI62v1reOhcpdmlBzVKSVJUCFJ4SDcKHOJ4OepCUgLIOokgdGIf1h5nOBTPlGYlQ1AUW1FgftWf8gbE9YzwltsQoBiCOT+MUyCGOYjUtK3PUXimSUlSUzEi+9j9iPV4tKtOxFPSAlTHpyUDXoQWaEUU/mEoWUA6mJ0kC428Y9/LlSwpqO9TYxbjZoLKIFeIFmPIim0eSXU+kjTfiIFPGHTEhW3xEFzcPv3giRhylBJUWZ+20LZQVVgGNCw5RJBYlySO7P4Ro1reKlhcuQEjUUK0lVW4k62u9ge8FYZSUy0uKswAH08oEyDGhcpaQB+k04DcsCkjrwknwgmXiEKIChYOk7gsYpPEr6ZZZMAZ7GlYjNkhS5b1TW/QnTAycUkAAGjvbyi+fNcJbZzBxagxP0qJlhixHg/8Q2wE3UFKVvSm7C/rA2UtqJb+6mDZUgstgHJLC7U+jwcmxSmDSLly7b0DViqVNCQnY6dqs5BfxiWMQ0rUo8QSQGNK19oBw5CgnQbc6HqDA2Y0UvUkH7aLJQe14qUCU9LRcrhUkAUb1jaAk/9Q+HAzVf9Nu4j5QmZSnd+kfTP/UbMgZX5QVVMKTY0at+sfOpYl2OwLgWvQnw2hM4aVbhpAVLVqLcNzvybmXEWIzABOkJTp/xdnpud6wJisTq4QxADBvaLcJhkpb9y1WAqfCF8YzRNCyZhQHJoWDANYAHYvHQxySXMQTrOkcqeEdE/zKf9aIsjzUSiUTA8pVCDt1hpnmBQWKS4Y6FOH24VRl8QAUeEQy/OVyuE8SXetSO0PtrOzCWzHZTtWBwQaWFO9PbpBeMUlYC0/KoOTs8LFYki5fv7HwhTXuLsUCkVq4+lQB4QFJXqLlTEWt6wbisb8WWlIun3pGfUogsaQ87Tp/LxWkDiobgQQySHH0L+MZ0TKXEXyZ5cHU7D0EbWh2+hfhKe09qh5agWAsxvzEF4TUQ42YeXtGfyDFkzUEBnSUgPWtKt3EOUYhCFrlmclBS44goVG1qRXjs+o8kpkona0Gyi3a1edIVYfMJSgEpnyieXEP8Axg5ww40EvzJc+UNubCSi8uUoqWGZrf1DmSux61+kJcDiFOfl5hz6QxwS1aCQElnspPfnzhbYaKs4QvVKI+R2UPKLFyQlSjYH7Me5qiYqWjSjUXBoQ3gXirEpnFmll4AjSsDhH3vE1LdjZvGAFpm14Ks7OHi6TMXR06aF3Ugf+UHbaZ/8W/hTE4qYJklSWCdz4U69esfKpiFIUqWQxSWVzpH3ifnCUfMUp5stH8x8NzOaFT5qrgqJB5uYXIcfXkiaoslIh9kmFGobqIufaFOBWNrMf4htl2JQOquQ+6RMablZDKPLfu0eQGrFJKwJuoIrwoZwW+jx5AaRlVTmCgXdzAgarjaGeZyQhbadzUcg9Irm4cqBpxCjhu9eXaAtAOFxS5f/AClmpSfaC8TJCkhaKpPjXkeRqIpnyCE0FgH8YHwuKKDSxooc+XjBnZfEE6kkt4xRNDmGBIUQX++RgXEytKyFCv20PiTJSmW1aeMH0ZnH/aPeAgoRYjEEnlBpWjy4qFSpioFudxZoIxqiudMUxJKlElVd4V5OplpJVUPT0jSy8OnQ5mIp1au/vG0bYfI0JV8zMGIbo0bDCrQUtoBAWCC1u0Y/K8RLoNSEq60B8ekaHBZvKA0lctkm+u5PhAsLtppWGSWYOBWLJEhGlTJ/dUdY9wuOkAOZsoOP8xSORmWGZQ+NLqR+4XjbbQfMlMUhIDAudnLU8oYSZboSqgJAe1f6hdPnSVq0fEll+H5+TP4QyxOPkpB40U5KBAajQdgBxaEhT0ax8Yy2dTqkACzi1PKDc6zkaSE1HkH59YxGaYgrND6wl7PjAs8hRJJdtu/1EKZqmJF+UNpxS7gNRqd4CkyEqd7hTD0h54FTy+WWOw5noYdZXJDpbhCgS/b6Fnhbg5B1AG3Lxh64UdKVAJRcsALamNaild6QuTLMEnQVhiqgLi7E0cXjoG/NIMzUVFIKQXSylDZr2joTQvMy0TSCXB1E0/bvTb/UKpn7nqCbsXNGB60hn8NSASkOgXH7kn/kOUBYqcjSkuXFW9PeEt06JjKjipaChwrdiNxCPEyCDahqIeSyFTApQZJANAK83HeK8cfizX0EcgGsOTfSDjk2WHRAmYR79YvDLHb7YxLE4QufekC6ik22i0c9VhNSOUG4aWCGasV4OUVK9fakOMvwPG6iwBru1DWkDLLTSKMPKUCBpOogs/1g1WGnUBJAO2wswgyXKClJFyB9eRtGqw2EAACgly1SXZ/eBsfyz2W/h9RSCeZttDrD5EmnCOsaIYfTqCQGBJDDbb1EV4aYsqBaz2blB2XQfDZLKcAhy2wpEpmXykgvLT86RUWcjpDLX8prerdf7gfFKJStifnSaHkU3hoSlqcLJE6Y6AKgAdxXaM1mk3Qo6ZYKQo1NaDc8g8OvxGoysShSEmYojUa1oSHYcvaE2GSMSpEpSS61uttkuSoDw584NpLvZPOwcwMqYhtSdQqGrWvIwtny68o3v4glsFEJIG4rYCw2jCzF+EaWU3coH4SisAFn5/1BWRniINav5RQte7s1maKcLPI1dYGzw5BF35xTNIBNamwZxyr4QvViSKDl/uPRiKg+sJ9NIZ4RLGnKpPsI6Fi8Upaqeg+kdGHUbLKc4lzGIIlTQGbYsXof3BqMYNzPCSZiD8sic99P6a96sOAmMdi8KxII8oIw2aqQnTMdaLMTUf8AST9DCXH+KTP++r8YmZKV8OcljcciLuk7iK8JMZT0YkMQKiu3SGOXzkTFGWrjlEWNVIPMciO7QtzfI5uGZT/Fkk8MxI9FhzoV3odo0xPlnb0pzJLniDH61pUwpxCagcqQzxGKKgNVWFPvxhdMW7RXFDIRlymL/Y6w6y1RLpJoTWlTah6NtCLBBjWHUudp33hcjYmWF0GYQByYDqTaNLqClDSkuFCvjcxkcqDrUo9PONPhFhS2BrRm9YQzW4aYCDW4NwPKBZSBqchn/wBPHhUEpLFjv48ogjEJ1BIULiGieSc1YFyRVgOsCYmfwTXUAOC/VQFh2EFT5qSoOzOd4z+cYwla0EhnQUgb8Y8zD26if0zx5JUgJICg6nHjQdHjO5Dh1pxczVcINaiqzd/OvWLvw9mXxFzVEcHGA5sxSKd2eAsfmahiOFRKSAki46d2iX63T/n6YZlLW5BW/Rz7xmczy95lQKPqLs/8w1m44lYLhyf6iC5BUV1rqLkWFIWZWU35mmUm4Ngs2ALAAwrnUNI0ubYUEgJNySej19vWFScvBJu3tF9kKwqsSlpKi0XYmRpIIi3DJFzAtNDLLEoRUs7WL0/mOgnLMMhPGskA25/3HRO0TbH5StIcMSfH/cLs0wQADo0kJqz+j+8Nl4afI/8A5LZP+CqjwNx4QVKzBE9YQtPw5lkg1HVibvyMVk0Xe2KQmZLIIoQAaN9iNHlecBQZR0qYpKT8kx9mNj3hli8vloUWSXLOCLEX8/aM5mGXKPEkWv4bxtNsPnkpCFcAIHK7HkOnSE8xriGX5tVl8QZnuf7gXEYYNqFukGN6lg01B3hhMmBzCnD4hjW4gpKtSmEJkaeGmVLOqh8IfZfi06h9eX8xncLhillA7s8HyH1aen20T32e9SNhNnKKNWzfW3pC8ZqELGogbChI9AYkVqCAhVvWghFrBnIQCBQmr89mjY5FynR5jsylkhWtCRV3C6gjYaQ8K05gkzRpWghrq1gAnuI7GTCooSpKWS9Teuw6ECFeAkr1uAFfqDpu/kHg3PouOFt6HZLOSJKtK0XILEu/RxyrAM7DrKxpDh7gpO29ekMMFOCdTJS4QksGAcA9IA/MomLL6dQNwpqCJTl78WvHqeqQSmYCqwhorFUUmvFyp90EIVzCVAl9JJY7MGoIMx80rU0sUI8j9iKWbm09x2NkJoU0ardPvfrA8mcyQxFYCnYlfyGjUPuItwYd0tU79obHwMpqhs1+YMPs2jsNLDgG31iOY0mc7CGmS4VOpC1KANx0hybQGHUfmoNgdh7R0BZtmfGrTVzQ9PGOif5qn7fQTPRIwsuYuWZiTpJDmgJqXL1DQKnDyMbqMgjUKaJlFNzGyhBWaFJy1LGoQl/+4kR88KCGUmhfYkF/aKxO1u1zcRISxBmywG0rJ1pHIG7dKwCrNJKiDLo4LoWKile8I8P+Kp6RomH4iRTi+Ydj/MQxuNE4OEpflUEete8GsnmUtBUW4bWhRjUlKRSCdZ0txPZmgPGrJRZq+0AQaFOa7w6yhLqeEcpNm5xoMoNQT1pEeTLpbjx7M50vSkud7R5K1a0qDOCPrFmNPADz+kCSpjFJuxiWF6UznjR5liiUuWfpCHE4rStCmNyXpR7wxxHyuYVTkaiEgVNAO9Iph4llEEZzxOZZO9/AdqRdl2ZpSollAarCIpy4hejSXJKdKQSp+wrcQxwf4fxCuL8vMY3/AGsfHwhrh+vgTP8AJcnMkseE1fn/AJFn8CIBw85AWtZSz0AAMaOdkGJ0HRIW4NmFBetaxn8WCg6VoUkvUEQZxSQt5bXip+pEsWKXfxPXpF+EmaPv7+xAWhw/0ivXcP5w0/hb/XuKxDqKmqSecQOLawIbrXxO0SnF/wBw8IrKPmOoWtz5t1EGY6C5bU4rEgrvR+UeT8S4AFOez/10iocUzv7R2ZyQgoALuHP1ghFc1NH2jyOxC3QAwFX9I6M230gLH5CtSU35Mu0IpOWqWCEMvc6anyvDcqbCEEkAFgAxoojaARh06gUTUpUNy6Fef9xoxXnGXJSQEkvuD2hAmYXvGk/ECZ2oalBT12dupEZpKONjSsGMPE1RYO7/AHeKsaP0AdwpjBkqUkEG+5DNTl5RTmKGlqH/ACB+kJtTXQHDB97NDfKprEc4XYVAHKCcPOIIZIdx2q0c/J26cNSS05zCfQDwj2Z8idmaLMWkBCjyVty5+cCTZrpNnDEdoXDtuSms5Z0td2AAuahvONn+G/wUotNxA+ESXShJBmAN+4hwDe0ZjIsKpahMIq+oDlaPqGZqdKSx+ZNi2xH1MdXHxam648+Td1EiZWHARKQE1NQA5IDu9yXO9awuOMJluCC4tte5O3bziicVmWQSpwqYkGhoDu9TYc4kr9JACUghi71egINqRZItxk6aokJcJFwKJIZ6mM+opXwzkhq3FvHxh2vMw04m9GbmQAPrGWnLCykqFNR3JrcU2rA/RtF2c5UU/qIBIJvRqbEbGM8q7EVj6JIw4+BMS7glmd+0YfGSWUQ7kGna0LZ/Dy9KJRckuB3eLQaXDu46uGaBZdTWOmTCd4wULKmHWCObRbnQJWgENQeVKxBCON6NzgrMg8xINaP5gGBWhauzciY9hhmGFAly+EglyesdGZslJfCKUakEH0H8x0/ikalS5iiza0hBSnuLiJywfyh5nwFC/tCvNkPICzLqSxUmYBRhTTc94SZHsIcSxJKFKG2khrwJ8IfEAdn51i8M5quwbV/qOxJCpiCbE17PVuZg7DQ3EC3ZwWZzvQcx9Inmcp5BUK1Dl+3lGgxWUhEv4qXUnRQqDFiPSh+sI84WlKZqAPmIIpQG58InL2rfC/CJcgV9OTQbgJDzhX5WUx32b6wLliS54QfHwhtleGOt2bY1++QhOTG9qYXyUzzDBfpLUOfuAYU4WUZg0CyiBfqNubRpJkgmQXuCS/j0hXl5HxEsLVFG5Dx384Xgx/6Lz59RpcPNErS2wjcYkAgKUWSFA3b9pMfO5s0GYwffz5+Ub0rVqRSgIqDuUGnZnrHc45NF+azTqQU2OonszwEMd+glRIqndrkaR9BHZliHxQTUNLU46mggHDYdPw0anLXYgAVfe94zQulTuNdH40gDnwEb9n8IT41w7hmUWr1L26mGAmALnMAwDte9A33vCTFkqLtu7t3icUe42cUgBJN7A/WF02b+og2qB7ffeCy72d+VbwNi8MtJSVJIYi9DzteHKCEhlKHIkesVFHzCHGIwx+NNTtqPkS/0MKc3TxqIoBQNyG8YU8JJSoqryb6eUVYys2pb+mFOkTwBudqRTPcrN7MP7ha2JjmigUSRfhOzbtHQFPnlekqDJSNCeoFSetT6R0Zo20qbqw6hQaX7UAPvCTNTqkp1BB4qFlJLaRYmnvDXLVvKUNNK/S3pCjMZ6TLSKAXG77e0T+K30jmoYGptuoK3jp6HUgcy0RnrBTt3A6iLpjjSUh2UGjbbT6Fj9X5JOoGgCbhiAwBHi0YvNpuqUKWWB4lJPtG1/EEwf+3y1OUuAGtW5FdqRicYP/hAnfECv/1qIETw/wBH5P8AKOVNxEi3XcRoclQ89YZwCD6EB/ERmMvJCdRsbRrPwpL0FSlXUT6NQevnFM9aJjbs4lIYGWdJKwSSHZyat0jI4aekKABqkaTe7t9BG0XwylLDlQBb2j57lKnWpRrqUH9X+sLxehyfNtaF8RUQRVne9HLdI+kypFEqdgwNXvpaPkuEnK1lJJN6F9jH1KZPISnUA2kUdto6MO4ll0UrUtSl6U1SSCSKmtGJ/bTbnCJaV/CPxlITvdyGfZ47O8StapgE1QASCpiLXY9O0IJuAAl/EJKj8QpL2/aX9Y1uvgYoYqbLSApM0l6USwbkfWAJ+ZSgQ4WW5c/H+I9UgaVAEsFfzAiMMkk84SZaPpLEZ+shpSBLBupwVHtQAeAgJc6j1KtyYjJQnWR3/wBRTOWyiBaNM93Q/nrZhnmOUJy2O49QIWY4rI1EvDGYUKxR1Jo9i7EtQxL8TK4QBbmwDw99JAmFmBKTuaMfCse4CWFKKlE0a1+sQTLcBv8AEOOvWD8nw4dT7lPqYlbdqyR5n+DmS1oQpIQwLAMzPUjuTHsE/i7E65+x0jS9rXjoOyyNJJWnSsApNvlLirg9qQnk5cZiRoWhklhY2JNfOAcvQVpmsbXeh3aGeWT5clJFTUkENuz3IhbOjb7Js2wa0BYUyuG6QABUXivGyTpSoH/HwOziGObZkkhSXFRbUknanCTygLHqKkK0jhDf1CXpST9GuLxkydIJX8oA0J/x2NesLZ89Jwa0MD+okg8iAQW+kFYGWTKWFAlNgQQ2oXB3F3jyVhwcDPURYpYtY6mv2ifF7VeeTXRFh5gYAks/hT+Y2eSrZBLgV4bVptzG0Y/DqqEMCDvuPEw3lYWWh1cvlruaECKVGbatebISlS7tQpPegbaMfI4damtNbwDttygokFDA2qevjFAASlaSqnxWD3ADN9RB4Z3S8t8NZeIJWlQDVNeXTqY3uMUCpI3CDfnpH8R86ysa5oS78VByBvG/zeRpX8QKehDWajbxfi8S5PWfnKPxZjEWRsncdopxDLRMlEMSSsFyzhgoNsWHrHfG/VmF7FI7sIGxvEtTEaTxOQ9zpLeTw2RcQOHw7JnKFqddx9vCthqJHjzeG+Mm1UOYeo6ge0LpCQFhjUXiR/C/EKZ250V6wCkFSwOZ+phnPlAOVB6kvzf/AHAGGP6gb/IeTiNJqjb/AMrsWv8A+SqjspvHaOzadws4NfvwirHL/XmFrLP8QPjVAtzd4fL0JOheVrFQQXJZxDGVN0Tagjjr0A994W5EWmVNHgufN1zSb1p5G8Tys0MG5/JlghUtnBL0YEkkuH7mnN46I5jN1yUrNQ53qDqr7R0CG0JyT58QOgqOpakRRhwZXEl+NQeh/cBvE8jlkGfQDhG/URTlhKkuon5lNfeu17RgpdjcMCCUp0kN4tchhbrBOEIVhl1FG9D/ABBOZYJkatKqIrw6QC3VRJPhCvLlvJmJbZ+zAwmcV4r6bS5oShWg1UASOopQfXtFDK/IziSoBKkkAGinNyDv2g7LcIBLCyCCHD3ofq9oWzilWFnFRqOFANhVNW8bwnEpzEeGUXBhzj5gLBJcEO1GHbxjNiYWglGLLAVYf78LxfTn3TzL8QAwLU6/fKJ5qEgkoNCQthtqSHbxEI8Jiah6ddxB+aTOGWQxdKR9bwMZrJsvDHIVKTOSogtqFTaPruYyAvDJI1gqQC6SGqLVj41kwUJqD8Mq4hYR9XQtLJSVlI0DbkP4jp45NIZ+spiJgEwJZ+bpYkg0qn3hUUJcMshT0SoGz6uEikP8aUiYwmKIvQetvCI4qSFJAYkctLjxgZjizeYYhQUCRpJDbEbn2EUYRSlqJPzDewrtTpBBljWQqgY0NRszP8pgVSUvw0bd7/3Cag17m3yijDpGfkuCO8MsUSaEuByPLoYACRrS3ON9aeaV4xf6i7/Oe994801G/wDcQmAFamtqLecGYVQBqkKpvsTR+4gZKYisHJHw0lqlZqOQYR2W4czF6UnSS5B7CPJQCUhIU4BpWz3bxg38NlpoUdnPpEfVL1HubSlCSxO4Olw4JvXk/WPYjmkxZw/xFWJDWPmecdBhdr8FNKfzOk2l+49jFOCWdFD8qqXrSDEsZc3SzmUXoLtQeQhNlk0iXMezpv5Q0JkaY8fp8Z4mNStqs1rRn8DP0hQ5j2gvGYnUNLJZya3hdhLkbQLD4dNhk2KCpEwBuHfl9184Xygn8liBUMNTA89I8YWZTiQkTA5ZtoMM8HDztIukCu1Q/wBInhjq6U5ctzZOjELUlipTC3KDJc9JoelS1+Z5wu+AWu0Tl4ck6gr/AHF7ihjTJATwhrHelf8AcW5ujWlCmLlQFOyoBlomNUgkVFN4vMyYQgKS4CvX7MTku91TO461DrIZJC6gpHa8fSJWK0ocOGTy/uMDk8wpKRpoD+436RtZitSQdKdnZVIvjenPlOyvMZyVrcTC7FgzRJOHRoupw2wbzizFzRRkpDdXiEyYyT0/h6xrWkJMQh1AMoH/ALWau+mtKwuzCQUWBINHYQ8+Lws9X3D84R5jMUd0XH7SDfesDH018LJmGVpWQWaoDeY6QBK+ZJVQ6t4c4idMQPmTQU4SaUH8wDiQSRShaoHjDX0s7KVIIXTYmJqm7dYnKlDUQ5bttETKqz1hMvD4r0KBDNTpD38LYUKUUkPT+Iz+ESQUk2+xGp/DZYrUHok08aDrEpPVLVOPlJ/KIDh3Y+Bp9Y6FWJJTJKSlSSGopxUx0NITZriUhCZgBtLZrNTpfeEOCmfpqeltusMcViiElBHEQsEnd3AaBpckCUGIdagGBswB/mBBoCezA1PeB8PMYnlFs5JDPZz/ADAulnr2jGiUtipnZzDRgETA4YpFuh6QlSQ7nyaD8umuiYKcSWHm9Ib6X4slyCoeH2IaYaQltIB1b/wOZiGCOlKagHYAP5iGuBxS9JdSDX/HT46mNYe0kipeCMvSSQCRatuvKIYkKJSrhuwG9mfyhj8eYtACQorU1CEkAdSoO0WLw2JRpobuXQkC3oIXXY7BYdLMVAOe8blGNlploQGFvHvGMmTllXEQkpDmm/tSNJ8eYEI0zUCgLaB9mHkLatzCaVIdKUPRyzb9rQunrFSEt4b+8Tx+bqAPEiwbh6wHicaVB9d60LeDWgUFJxDM9K/7tC7G4kuSn784M+OG4mLbuz3v5wnxZFSFX2JEJLdqa6W/m1FFNVSQSGO1Azc94FWsy1ABKgH1J1APavrWJzZ6hLKZZCgQ6nJoeY5XgHDz1OHBLB2Jcu1anaKZUk6VyJjrJLg7NE8OpJWvS45OfSl4pM0/E1UrW5Ijwy2WqxPQ08xC7HSWJXxg+n+4b5bjGQtixLcRrp4hX1hTipRDP0bl/uCcIsFkqAIuev2YAoZii9SrmVG9WpyEexEYYMosBT6qEdDY49BsyzRKQlNXJ/cdvtvWFeIxJUhCAAEhRIYAEm1TDFeXzJiHNb7Nb1MMJGVplpdgdiVWHlcRHHLo+UZr/wBumqJ1Fkh+tolgcFI0/qKUFbOkkHajCHGKzBCeHW78JIFAOYAqT5QsmILOnUEFylX7mBGwtB9aFavhB7lrC3nBuU4dwVtYhgxYOYoTIS779XeD/wA8ydI1N0chx0ft5xpRsWKmgtvRoKwawyncadx5Bhue8AoCdLm/N284vwqpazp1aUltRKuR72hqWGOTSpilFYJom9d7W84ez8VP4RruzAjoz17wFlsxIBCJqSO4Pau9InKwyptdY0JICi/7q0HSlY03sMtDCQ+lZTUO5Tc9W6QxzcgIllCRVIJIJSauKUtSAsNgRqAcM1DTuYZ44JSAFGzJdhYV94fdLplcySSCWNQBuWr1+scZ6tASQxbtTn1EH5kkFLS9aircigbl1gJRWTxDYCzClK8jC0KET8tnpCueVMSBV7Hb0hvNnBLC97DyhavFoq4L9ATAp4Emamb+KwKJTF3dn51/iD1THIZVG5eMCTJ3EzXD+4MGNVIlBjftWPZaKmhrEkOHJsR6wThZwFX7dozB14lwArY0pF2GJ0FSQflIinFygVJq5Jc0NAYb4KV+mwIIdzQ9rxtsTKcS5moVOn6x7BePk0KdiQPJz6R0PjnqBcezfGfiRMtJCEArs5PDfpeEc/FYjEkaiQl7WSOwEMl5agB1lzZk1YwThkykoDu+wrXzieMPlsDgsqCS97VIf7EEYzEAugVKQQANn7CneCcTKmTFNoUlF2SHcecHyMNLQkiwY6ioF6dTehjZQMWKMhRUywRSwtBMgpCWclT0DcwO0HY6eklWhJYD57gkBqDcdSaQDgFsoAkByKmpo/8AUJo+zTL8GJg1L0uLJPTm+8MpGVyzVkM/Ie8e4OfKSg6jLYc7jzjpMgTFBZ/SQmyQzqGxIbhHSKTolDrwYWvQiWDLHzFIA7gPvDmVLoEfCUEhmSNFqtZUcJBKC1E7AEV6x4rDaVJDliL9h/cGXstEmUl3ZQLNakW4zEEpDpLEC0L1KdVC/eDk0SFPRjB2GlM/FAAXp0IhfjcRdqA9DDMzlEUJJ/49bQuxk8k1qRStukDKjooxmMSE1c+ELjmQqOLyEMsQlJeladR/cC/DqzBuoiezaBzJ5qa+Ib6RYnDkpClG5oG7RdiCNGzmlB4RTJTcaqeQFj7QZRsUTwwf7vE5MnUHBDOz+sUYxb0eI6y4BJvteNdhNCEJLlQrUAQRKmKSNJO/bv5QBOSUK0uQws73i2UR8FRqpeoMH6Hb39IwrMwxIUhOkVCvYx5CtU0uk3qSw7NHQxWyxKAQfGLZWGQEagKlJe8dHQuJsh2NnqRKdJaw/wD1CdMwzJ2hZ1JAJCTZ2F+fjHkdDkx8dmIYgCxH8GEqUjWmn7veOjolVYaykgzgCKaAfGNLhZSSh2Dx0dFb4kvxUsBBADAwJOlhxTaPI6BAqiWkQww6Ro9Y6OgwxacStKRpU3Am3lHmMxS2vY8h/EdHRs/GhXMrq7/xFCRSOjolT/VMyukG1Yqm0DDnHR0b6MUfDBuIotMR4H6GOjoe+Eg7NJYclqsC+8U5RdPU19Y6OhZ430L8MfGSNtJ+sdHR0MD/2Q=='),
(25, 'data:image/jpeg;base64,/9j/4AAQSkZJRgABAQAAAQABAAD/2wCEAAkGBxMTEhUTExMWFhUXGBobGBgXGB0aHhgaIBobIB0ZFx0YHSggGholHRoaIjEhJSkrLi4uFx8zODMtNygtLisBCgoKDg0OGxAQGy0dHyUtLS0tLS0tLS0tLS0tLS0tLS0tLS0tLS0tLS0tLS0tLS0tLS0tLS0tLS0tLS0tLS0tLf/AABEIAOEA4AMBIgACEQEDEQH/xAAbAAACAgMBAAAAAAAAAAAAAAAEBQMGAAIHAf/EAD8QAAECAwYDBgQEBQQBBQAAAAECEQADIQQFEjFBUSJhcQYTgZGhsTLB0fBCUnLhFCMzYvGCkqKyJBU0Q4PC/8QAGQEAAwEBAQAAAAAAAAAAAAAAAQIDAAQF/8QAJREAAgICAgICAQUAAAAAAAAAAAECESExAxIiQTJRYQQTFEKR/9oADAMBAAIRAxEAPwA+zWKjKUQobl68tGiW0WLMYnDVr96QRdcxK3SFApOlH9co9vOxFGIoBqaJFffVo5C4tRZs8JSWBzLE0ycxClJS4Wkg7KDM5cFj91iKck0IcHPbziRF5k8K2I3NW6ajzgUagq0TEqDhIDAZUrRyOsazZQxFhkBEBQFMEnwOvSMUtQxEjZ/WMY0CBmMuvMRLZ3KmBIHWIULBSBzaJJQZQ6+zwrMjchWE8RcVz5PGT1qYjEcjqYlXRJ5j5CJrbKZJPL3iM1QyZX55JTSYof6zr48ogsomOCVqbNsRgeZZVBRLkh6A7jl4wTMtpSw+E6EfdRFGvol2LLds4kMTlB8xZEVy7baXxKBD5c+f7w3nWgEBojJtFY0xL2lmLC5ZQpQdJcAs7HNtaRl1zslzEuCWxa/uIB7XLSO6KgW4qjMZVEB2a2TSEceNGIJdThQcjfPeLpXFAbp0X2UUYCaNUkwsu+SpRVPUCAqiOSQfnAV6qw4ZSKP8XMbmD7Nf47oDuyn8IGbtqkZt1helxwI3TPLzsaJqMK3OxcgjoRlFHvXs/Nll5RMxG34x5fF90jo6LN3ktKkti4iQ+dWZ+ghTaUFCuIEfecJHvxuinjJHPrKseI0yhxYrcoFlcSddx0OvjDi87nlzq/Cv8yc/HQxVLfZZ0gnEMSPzjbmNIvHljLHsXq4j9VkRNqhddAfmMxAabUuzrAmBWB9CVDz/AHflCIXg3ElVRrD24r7XOV3ZlGZQgqSMnGr0aKUC7CLRbCtJwmjc8tmOsRmzHAlaNRxAa+WcS2GwjIl+mX7w2VZQzpoffrCdmN1WhZY5zAgb5bnx9oFtyyAoilPrBdqkHNmOo36Qst8w4SNWYk9IrGSkSlFoegkEEFiMmzHQ6Q0s97rIZfFz1hEieIk7wZQoyLGJyFMwrTPX7+UQ22woVUcJ5ZeUJO+IgyRepyIBGx+RzHtyhaGsjmS1SzUsNCMo2/ipgoajfOClTkTMix2P1yiA2LDy5Zj76QMmIily4Phz6RKCQRzZ68qvtEM2WkmrpO4qPqIiWVDPiGihtyIjGGi5v/T6QPPvQlJCj0ejjRvSAjeC0gFScQLhztz84cWazAykqIqEgF2OmdITkpI0VYiWkFWIOU9a5ZGBb0KXcGpOQ2ant6RvaJRTkcz5kn9/SEswqxF3poMtc/KMkToZLsc1xwqZm14Rz2DwzsFsWAUkuRlt5/ecL7SZqhiAJIADnLSCFSUoQA7lw5d2LZHkC58YWTvYVKjSdOx0XVjnpAyx8IxONAPzbRFbbWAl6OD9Mqc4y75oUVA0Dh2zDlqGrMfeHjFsHb2Trtpx54yOEc9+vLpBtkLHEpiotkagPtFXSZyHxJxhOZGaat41h32ctAVMDKA65iHlFoF2XaTbTLkJWkOymIOxrBcu2SrQMJFfymh8DrAFqw/w80FwxSXGYqzxW5pII4sQJACgGqcgRGq0FFntF0qQOB1Af7v3hXORp7w/ueccHGoqIZjqx3iS22OXNBYh9xmOojnnxe0WjOtnPrZ2WlTCCCUVrhZiNaaGH1xWaVJmITLThSRXckMHVuWV6RJMsa5ZOKo0UMv2iCYWKFDRQ9XT7kQOOUlKmwzSatAN2WIp7wFRxImYWOg09feGsghQoXYkeIzEB3hjRasSF4Asgl3ILgFmGZqc/ODJdiwklJZRJJGhcuxHU5+8dLQp5OkPQ/4hTb7KwU40Nd+Rh9KmhRwkYVjNJ9xuIitsrhNNDC0ayqgMdomKyKw6td0pNRCqbd5FfaHU0xXEiNq3jxU98iIjnyvsQKqzqG7QwKGKFvBCLWtFHcbGo/aEiZnhGxnHwgGHqbxSfiGE9YkkpUOJBYHaoPUZRXzPDV9I2k21aKy1ONUjXqk5+EBqxkx4JrE40NTNNUnqDBF3Sgl6sFH4R0fLwgWz37LmDjRgUKbpPzBf/MQJvAnLb0icomk8YCZyglRBSW21OrN4wqFtQFKNCH1z8myg2da0DEclbChGunhWEtpJWrEBUlL+IqfWBGNkxpZrRMLpBIDAg0pny1iK3TZiQUlgcz83Pv1gO0oapmGhTh1LnZuZzgc2leNSUh3Jcbh8q5+uUHoACt6mGbu+WtBTfX1gyyEfhZqg03AbP+4H0gSdL4+LJJHl4QdZ0YHTqCX8Czej+MdPGJPQdNHFMbVKvJwoeggY2MK7spLKYjEndyQ/gRBS5BUoK/MkMAw/Dh/7D0jSyzKgtQKc+Iy/4xVqxE6Jk9opqZSkTU4kqGHGPiS1XI/FE1ktQXJmEEHAlKwRuFDdiKE0LZQFMQ9NAo1+9KQMuylJBSSkuUuksWo9dq+8I4IeMzpViBcjcezEe0Jb6tYkTUFykqGelN/3hXcfaqZLwiegzA7YkgBQAAzGSs+UN+0Fpkz0S50pQUAplDUYh+NJqKtnEnGtlE7GN3XmJoAUHJ1FQYAvez4AopGhIHMVELezwwh/yzFD/k/sYsl7yHSC+tem0Q5I0ikXmhHfJ/pKB/DT/SqnoRG9726WEyVTDgEx2VolQAoTpnnyMRWitnRuhWH0b3TAt7ywuwBSklQlzdCxANKFj+YRVZYf6pjRS3A7ziGi05jmW9xEk+0pCDiLgiihzBZ2il3Zb5siiD3kvWWqhT0GnVLiLGUiegqRwJoVpOblJIoCw0PiOcbqDAfZ7xQdo3mlPxAxTZF7y1Hi4Dv+8Gm0EsApwYk4j2NLRLBPCHPIe8QWmVhopJSfvWCLuQ78hB6S44q9a+8YyKzNs4VpXeBJ1jUMi9ciYs67sKnUgENm2nh9IW24plqCSqrAvmK+oPnDpsVpCCYkgsoEHYxvKswoTXYDN4sNktCST3iUrSd2UB02MCW+XKRNAlApBFauxZ6P1guQtUSWO7A4VMAfRGg/VueUNTZku5besLbOGqo/P7/zG82cXBLsTkPvKISk2wKQiv6Y05RGVPYDxygeXaVFIQkfEBXZlkeyTSDL4s5KQoAkZ9CWy3gO75zYAWYgpNOqnyyZ/IxeLtAWR3Z7PgSWYk5FTBwKskHmAaU3MBdwkEkUJzo1elG9NTF4sFjT3C2AfAp1M5NCX38I1tFnQqyzVlNUy8Y0qA7UhjYKDPU6QdUpIJ1NT9R5CJ0Ovj3L+ZcwGVMFA6DzdJOnMR7ZpqgGAegMNFUxJaHssD+WQ7soEtkyyac2V7RHa7JgBSMxnyYt84gl24YMTgEklIOZDAFthQByw8o1tt5pXOdxxJNPAn3HtF7uiVGhoCB9/bmPFFTqOdQfME/SN5QxAGnE4GWbfVo3lIpXVPsr6CAnnJmiCbsNFED78BA1oslSUqKOJwU03/bygos59PT948KnPgPk/sYLqgLZl2doFyuGcjGlVStNFOwq2R9Movsi9ZFokkS5iSrC+E0UG5GrUzFI56UVrqFexHyEbISQEqRQs3U1byeJS4lJFVyUWqwJdE5KhxBz7Kp6xrJRjkWmVnwFSRuRX3CYRXffM2WoKIxpVwkKzYAZKArnkoaZiDLsvpAnAhg4IIXwuCNKHFlo8T6uNF4STTQm4CMTOxDczoPQk8hDjshPdU+WfxIxB9x8+L/jCeyoxEAFkg0bXcvz9gIlsdpMuehTAByknemvV3hmIitS5lQemkWK5QcCXzxGK7aLOpOYLb6ekWi4k8CB1hZvA0SxXcG8YMnrDQPJThTi2zO3WI++dwaPlz6GJUNY7uaYyVeHzii9qJn/AJc7kU/9E5RertQ0sc/rFP7Qj/yZgOFnAr+kZnaHhsWRXRaSmqSR0jebeqlNiALa5H0ie12ZAUySFfpJYjfiDgRPY7tlzMSFcKiOBYNCfyqB05iHqxbNbvt/4QH5a+HPlE8+1KHCsMecNrgsKEoSQmqszq3LzaG98XOkpSs8XCPi0puGiMlFMKiU1FoUojETn59Y0nyUgqY5gAnmXHo58/CDE3axpXxy+cD2qThfff7EBPOAdaLj2bvJKrLxGq0FIADuSG05xtbp5RY5iCGxoASd619IrPZe3BCjLMtSyQ4YjWuuWebtQQVf95LUESSkAIATmC5FMZY0fQHeOh6sVLJUr2WAQQNvv5QLZbRMJT3YW+6Xp1bIfWDp9kSs8YUWoAlg5d2evLTWHt1XYmWn+bw0ohOnM/mVzJYb6QFLA1WLBd0xZKipRXmSBibroQ1KEM0DS7PNSsqTgy0IAOh4VakHTnFqsdtSFE8KJYBS6sg5GvPLxjL0nygh+FZOSs/JW8Dv6D0ArvuidhDhKGXiFcQPw5EPhDg5vnnGs0KSyVjCStaEkjPhDMRQ65bGNbq7TJQruWJCjwAHM6pBL1OmbmmsFz7YtQOFLpeuJSafqBThPiIbsxXFCNE3IPUinWv7ROlFQ2tPP/Mby7LKmLAB7paeIJBxJNXNAVYctPACMFmmSpTzE0BBChUGlfJtd4pdk3GjJjODzB8Pv3j2Ung/Sfp9I0Jqr+35GCpXwrHMH784eJOQHPlZgHXLz/aIbVZgrECzOHcDXI1yNRDCmuo9mJ9jEbFaTTOWH6pJHsBAmHjYPYpOF0Eu2WulfBwY1vZLIO/CoHdqe3tBgDYSWD09m8figZa8bJVVnS3LT1iN+i6PSThqAX1Go+cMLlYLSOvLaKHZrQtHwKI5PTyyi9XCSooUcyhz6RDp1Z0uSlEf3iFuO6Qa0/ydY9sVjOCpB0bSmx09YKK3YV+vXlyjabMCQ5LQ+0Q0yazpwJDnD7Gu+Q84pF/LPfzATi4mHMsIsd83sUyxgKSdX0HhnCu5rom2m0BapZElTupmAH9pd3JjRXsOxQizEFieajE9uTKl/BMCilQoBuMwQSDqIs/bWTKk9yJaUpW5yHxBmYsC5fcH1havsrMVJVPmDAQCRLauprWldM65CGTNQZdRHdSjqdOZMWG2/wBMA/lHtFUuJK83SEpYhyCWqHCaGhBrQeMN76TMQkYpgIYNhHzJrE5xDYkta0l2OFnL8hvu5YQNNwLzBrVwrPOgow6GPB8Mx2Vwk1GwcEc6QmnTyhAKkkgkUdqUzP4dt6wIoN/YdZ7nXjxpWQHHdqBGVTxHLkSd8jlEdsB/icOJ0pwheHXUgO7sC1TAN026e6iJqgFF6VD9C7cIw+UPLCpIJLuRUuMyDuM94ecqVEryEWVIAdCQlIJcqU+gyEB220pQGmcSyz1IYaDlziZQSVKSFKwgZElLl9RRhQfWFVvusuSBnqCT5PTyhIfkaNi29LaVln4QaJFB98zHgvGmEoRh2Dh+pd/IiA7Td0wPxDxo/iIDm2acgYlIVh/Mzp/3CkWSTDkItCAVAjhD6qyPWgHnBSrDMmnGqZj3JVifxBIhSJ1KxiAQcSVFJ3FIajFhs1yEMUqwkENybUEVBg6de1oloKV/zUcyUrTzChRX+oK8IR2XtDNRRQTMTzDHzGUN7L2hs0yi3lH+6qf9w+YEJ5L0HqmTWW0SloIQpRUWdykLJ1cKwpUH/KSeUGWVKuJBBxgAMx0Gr1GQ84EXcyZgxSlJIOqSCI0TY7RLDKGNINAat0q6f9JENDloWfAGTx8JG5foc/cxl2TglupSofqFPYwKm3Y6EkKrRTq03bGk8yFnnEa1F1khgsioLpBegfIZmimNcop3IvjGNpZUoHYj6fMwsmWaYVFQRwtmS3i0F2VcxIIyJSU1fPlSinYwou6+lKm4VAqbVVW8MhE5K8lYYVMVJFIvfZoeiE+wihqUyI6B2XFFE/2j0MJLY6+LLBJswNVu7Fm0yiudoMappBJKUVQnIkkJbIVZ3roIe3uuZ3f8lWFY1IelKVcRULTa5xJxkYmDqFNANNWaGQhLdFmM1QQpB4TimLqSQck8hyjryAEpSEigAA6RQeyd0qSkzFnCCKkmgGwGqob2u9FTCJUqiUpqTmWHplCzZXi43JjZaZapomMCtIZKs8Natz5wVaC6FDkfaElkNAXYfP7bzgq8bZgkTVvRKT9IRZKTh1RSrMuXMwywEp/CkjRsyNWPufGLHfEkJkIS5ISlIcmpprFJuO0KKUBgySCTmaHXyfwi23leAmSgEglQFUjPLP5xps54leu+1ceAjEguSlgXLEB/OE14TFELSFAoxV65h9XLEtE6rG00OoJJDs4pn61yZ43sdnDKdGLEeF6BOiSTsHPrAUkjMr8i04d2pkfvR4aWS14UgO6g9efnUwrtskpVr9kfWDrsu8rLvtqOQ11h5VQEgyy94sZmmr/fOHlgnIEs43oRn7QllrVLJOjs22edGIh1Jl98KUw50p9/SIzqrKR3RJeljlMFJatQD8oVWCyKBUmWWo7AkdXALUhjetkUaoqB4wJcC1d6RphNdsonGXjsq4Pto0tPZtEwZDEM8gfMAE56xXLb2bUlTBTfq+ZH0i52wqSXDwJMViQccNDmknRSXDiyj2q6J8uqpain8yQ4PiMvGIJSElo6tZcIloUVjiG+uxEDW/s9Z5wJMsOfxIofTOH/AJDTqS/wl+2npnL0TDLU6FKSd0lvaHth7YzkUmBM1POh8xT0jS+eyy5ZOBWIbEVEV6dJWj4kkR0xlDkX2TlGcC/Sb4sM/wCMd2r+6nkoU9oOm3WtDLkrCknQnTkoaRzJKoZ3Tb5sn+nMwjVJqD4GA4VpgUk9ot/fBJy7tTuXAAUerYT784ZXYlJS4loDagCpap+zCW7O0clZw2iWQfzJBUk8iMx6wzuztPJmAoWnu8JISRVJbXJ0v4jnAygV9HPyXZI1IHmY6P2bSyV/r9gPrHNbuTimo/UPeOn9mWCVP+Y+wgy2b0ObZRD9YrAQDPCSoOspGDUvSo2G8WO0WhFHUBoH16bwmumSld6IJ/CgqH6mIHkVA+EZbFLNarEqYoOvDKSQAkdRQeYDwJYZAQhUzYKpywLqerDz5wwvOelCwTu7f6kZeUL5Eha0jvVYJQA4cnAdis9D0LQrO1SdfgnkrVNxJSBhCie8dg1D8hXrFd7W9qpaJS7LI4yoMtZyB5PmecB9o+0YWRIkjEkqGLC4B5Bqnd8qRWL3H89bgglROhFTTLKDGNI558jk6RZ+z9gxDcD1iS0TAJrIdADM+wprmX1eHnZeyMAN4M7TXIlSMYYMPk0TasQpM+1ywoZJKQwKdTsXDDJnqfKJ7utSTw4QXA0PiG8oXzrKEklmAyT5t7vqYMsMw0PwAE1KaEjYjr95Qso4FF/aP+oeHDy935vT/TGl3vgVxFIaocsXB9Y2v9fFifRzUmtN0htmrA9lXwkHIivm8MviNEYGzksVKJepG9YdotqESikGpzhNZ1qmApQMhU7CCpdgSCSUlbCoNOKjnpnTOITVllNRYzkWlOFLake/tnAd2TWxJGhj3+BzUTgSwYAPpkHOQ6QNKnJxEIFN3NdXrlmacoRR2VXKpMZzJgUx6nwgK0SxjD/C4ccoKs0gpNctPdo0vBbioAL/AOILOjjfoCvGY1omIRh7tw2maQaEddXygi75ypalCpLEh1PlsBnlC8yMc41NUpcej+kMpkgImS/EeYjp2jz3hhFnnd87gZPAF/XbLKUskHfOlcjyhpYpWFVBy+/KPbxDJMc0n1lgvxt0VOz9jDODpUEHMO9WLF2y8jA0y5hZyEkFa8TFPKjs2dKxc7mtASoB2HEknY5/OEPbYql2jvAaEIJ5uCDTkUjzjti7WTmlsW22QUnCU4QQCA3XKvOvSA5KACKQeqcVYcVQVHDuElLgeJB8oitEtjEuXxlR3/pY/uQVo1PdBQKUAKzyI9qGLZ2bRiSHq5JIisLAd+R9mi09nqS09I0HZyciGN8WPvcLEgJFNq8ord1qNnvBDqoSEU/vDP4Eg+EXJLYfOEs270TFhZTxJUDicu70yOjRVMiPLYpKpjgAqSwL/Ck/3fmP9o8WijXrfM+2FX/xWdKi50puT8R8osVlnKUFolpyUXUKJAAA+Rpnyjnl43kuaeI8IySKAfU84yVDOTYwtN6oloMuzpZ/imq+JXTYQts0t1GtQHfn9iIiaQRYEjEen1jWZROvXP8AywBDi1KxSx+mE1jmKUlJA0HErLwAr6NDSTLPdhyC46fWAKVK3XcFguBmWip2xS5asBLAKGE7Zx0K8kYAc4oPaC2oWoBIcvt8j0iXsrVo0veWEGW4+IKCqg1yp0p6wHYmCsCstH08cogtUxRtCUqdnT0qM2iG1OFs+bQ9YJpFg/i1JSyV4RkRkW1PIw7k2vCAAnFzqau1ev1hbdVllqRiIJbUvzYZAEV9HiO1X13bpCSgAHIM9GctRhQ03iMo9jOJPbZK1pxLWymBCUl6c932yLwruaUrixfE/qOkBG8l4hmKVxe0NbFaqjm0GmlTH4rTse24lMsqTmAKbgZP6wrlzMaS4Yn78oKtNoOIDEW+/OBbW5KVpSwyIHyf7rCY0da7LIvTP7u0I5obqyif/wBRYLesHu1A/iEKLdZpM1lKxJUl2ILEb0qI8lS8OFpmJiCMQb1rFk1SOacX2ZZZM4FVM3aBrwU7wrkWhWMkhnPX2ggy1MQa6v10iPKvZTjJrnuuROczE4i4TmQACM6VdxnG/ae4ZcuSFoxULMVFQwn9TmhbWArsKhMOEkEJCuuFQcdWJix9oSZlnmob8OIHfX0aOjjdxI8iqZzmWSFIqwCh5k784PtcnxrEdokjATqK+ReDZo4QdwIXmTeTr/Rz6uhMtdfD5iLhdKf5aegikhVT96/tHQrFZiEJBUwYOB03gwic3I8jGxpdIPWIJiWNN4JlSmQAkkCuR5wKtKhz6wxJktmWyFtolR/4/V45HLQkVZ+UdQnTyJc0tlKmV6JP0jmMnCQMXjDGiEIsySHINfSJLPJSgqIJy106R7IVi4Rp7affKN2+LpCX6K0dTu+ZwDYFh5Q5lnhHQRWrHaB3aR094safgS2whqI2A28ApUeRjlNlOG2F61JA6g0jptqOY3B9o5rJb+LUS+Y8XH7xOO2WWga/CO+SWywF/AfSIrQjEp22Ye0edpFAzabJia7SFeDDxhpYjZO6Yyl2qa2HJwAelKDyiCdNUrClWlNMnrnBRWAzgOfaNrSlkqUhgW/zEGwudC6/q4FAcLBi/XNsv2gi40l8nIrAdkt34V1Ts0OrkSBiSN6HfpFF9GTGSrIpWR++cSTZeFISfPnyguTPwMgsSpiCNiI1tsxIWAr7rCxgmy8uQVWcATSSMhTnBM6zSlpbCAc+YPL6RHaJqAdG9YmnTEAJUlVf7tOhaDLjYvdMkuy4U4VKKjiyB2P3vG1osS0y3UQ33+8RSr1w7EHR9QaffOD0XkieFpqGGR+UCUX1MpZKzaErSpC0kpDkKI/Kc/sQzF7WdaMAWsLIIoFVOxcMM43lyQU1gadYMKwsAEE1+RifBy+PUbmg27IFSwQUnYjwgeTWUjcUMFKkHG4LjUPEGHCqYnR3HjX76RdPtEHH4yRXZCHUoc0/OL8JpAA0imyZWAhSkp4iAGzBdn9YtOJ2hokpFjshGFPR/OsaTZRLxqkslI5ARIpcERie/pmCRPbLupg80kRzqQgYH3joXaazqVZpxGfdr56fYjmcqbRiYdrBoDMLwlxp7bRqhbqP+n1eNVzUnWNrIkY2zdSPEV+sTSKuRfLLMdkoTRqnx9YtNhSvu0k4S4FGI06mE92yhhyag94eWVZ7tHQQ5BiS3z1S1qUocLUrFClp/nOdx6NHQO1IaSTyjnkqd/OCfH3hK2ysXihXfwJnnYgZQTcEth1/eBb7V/Py0ENLsI7t8jBm/E1B145JYVH1iFCzh5EsQPveBptrdaQDX93hzLk4VhSvhIZqv1cnC9dY56EmVJUhSZhGetNBFt7NrGFSjQIS5pCyXa3qpiR8OT7PQMT97Rauz1jCZKn/AB+0VTbApegabaSueggBIMsKTqCNGbrCm9b2lKmlPeBK0uFBTh6jInhbxgiTbUA9ysNgUooUHdjUgjUVVlyiKfZAsMoBSP4lAYpBOJS5KnfQYCsH9QG0UXWOTNsEXMYuoEA5HQ9DkYNu1PeAgq1oxy6wnvCwCRZzMlFctQmKBUFKaZ/NmpwlLs4SlJ6O8D3Ze05FWlq4cSiRgIScg6aEnmkwzSkrRlNLZZxYinEU5gOxqFDlzyiGSsoUmYKMWI/tOfp7QF/68CnCpK5ZfUY0j4aOiuo/DqIinWyYpJ7sBYLuZZCm6gVHiBC9H7KxlF6ZbbOA4fKMtcvgIBdo0uubjlJUzOKjY6iNp9Mo4UqdHQ3YplWgBVdY1vEETAdw0FCzh3Ncs/kNIivayDu3GhfOOpKkSTyVS60HvEkWhCwD8JUUqPJlgP5xerJY1KIqBHPOzQBmopXG7+EdMu9Tk9ItJKznt0HSEKSgVBprGsu0VYho3tiwKDaAJlowpVM/KHhTWELtaFy5mFaVFskqD/EnZyKP5QmmWZKyO+Q40dIW3+6sJ7BN7tSlsDTI5E40/vDgdoEqLGzrHMEf49Y0ojQlQDbez9lzABH+pHuwgA3OhBStAmcKgWJCkuD0eLLIvqWHBJB/uSdeYBEa2uShSXlzJSy4OEEDXXWArHtUO7sT/LxHpB9mtiSkMx2aOY3xflpSooI7tJoAkv8A8j8gIZ9mpU0upSpgUPw1Y8+efpDVSJD/ALZWkdzU6j79I5nPtJExKgMw0XDtpbQQmhZLu4Ieh3aKAqYCsOaV8I0EOM73klSjMyGEN+0SWW0ASm5/fvDG1YTIwBTkClMhuDucorXeHLnCryRosb3TJxzCpjhGZ2i5pSiYgSSODLE2RdwQ/lFWuBWCUXbiNGNfEfOGSrUUpw1IzHXlEJ/IR5FVqQpC1AJcOOLTxOmUWS4rxODuyC+nSB7HbCoNmNQ2tajz5xPYpYCipmL76tWKwktCuzwWNpktStQoP4P8jAku8ZEuesTZgSe84QQplDDZ8lNhASqUXcjKLHZpKZ0tljQ8orN6WFaFOhagkaAnXONGUWurKOL2DX5aBOswUhqETkpBCsJCJRWk7/1FZ/kMVoEqkLJDO2QYNjBDDZ16RYTdCVpJKUHlhCTlniQxPjAirswj4VhgQyV6HMALxBukWjUVRKUWzeYiinoStKh0BQk/9RAhlBScTDFhSXGdRUuK5mJ12JQwspQzYLRm6sR4kkPX+2IlSpg0SQzMleQo3xhO2kDr9CdWGSLxny1AJmqIJIAmcYoWzJxesW2VP7yWhbMVJSojZwC3rFHtGJgyFEJQrIPUkFnDh84t10zgqSggvmKclEAeQEQ5142dHA3dMInKASekRT14pahy9okmJBpoaQvsqiCpCtHEDjdxKPDKf2XT/Ol9VH/iY6JZJjE9I552U/rJ6KPyi92ZWZ2EXn8iUdBaiTiJNRlCy8J2MYE1ALq+nnA15WqZMWZYDJBYkGp5dImkSCmnnGAL74BTZphGyQ//ANiIrcszQAUzFecWvtLLayLOgKf+6fvxitSjUOKNRxrDN4GgsBdmvSckAkhXUfvBVmvdU6YJeAAnUmkATANIju9bWhPSFQZJFktyO7SgUP8AOQ5zoUryfaHVxUnzsVVYEehr4sR5wjtksLKAp27wK6shcM7r/wDdKP8AYG80/tGYoi7dT3UEij1PsIpajFi7Wv3iidCYrSlQ/HoMsB9otLMBkU18YlslnxlKU1JhemrD7zg+xTFIKFZ1DtmRtyjNUsGRZF2NKUhKSCR0Y71MeieFjA/ESdGBL5PpAf8AHPwhXCTlr1dqZNB9nkhKcqqfP5GOZr7EskloKZZwMffoSzt0jy7raotiZwehz+6RBKUpIL5+Ge+719YFnLUohqs5o6SDycERkshLjdylNSmYbxMTzJb+MVG7L1nlMxXengOSkpLgVagBBzq8XOyz8SQSOkJKLTyWTwISkpUoGJRZELQSPjSHFc+RgqdISoO1XVvv/iAbDZAhSlBSq6Ev7x0J4EaBJ9tDAEMR6GCFrCkKJSlW2UDXhdhUSpM5jsuWT6oJ9oEN1zsJAXJUCPwzCD44khoOwpBabqThcb75eXtB9nZCQBQfbvzhXYJdolkOklJ+JuKu9PeHOFw5SUuHLggdXMLOF4NGVZJ5atdoX2hGGcurvxeYgmXNIo0C2pRKwWoQzxOCrA8slS7JD+Yo7I9z+0W+XNYHpFQ7KAvMKQMgK+MWpBJRUBydIvL5EVonsstlF9S782jdRqY8lDcxpOBjCgXaW0PZCndSf+6T8orM+dkAD5Qy7TLIlDkpPzhEi0Z6O33lBaHgHyVcIfNtd4humcBaK60Db7REufQRllbFi3PrGSDIu9smBAQ4qVAf8FH5GNruntOU2bD3TC+8rQ8uUoh2mB2/SofOIrdbxKGJAJVR8gcxtAoRMRdpLRiWqtcR8R9iEm0E21WJRUXcl4hVpFIqkZ5Mlmo5QUpfD4QGmJvpGkho6PUKO8F2G3rSaklsn+UDu0YtnMK8gocKvyhGCper5dIy02nElGlS4+cKZSIImmiepifVJmoZ3asJ/iA9ChRA2LRabPbnDB458i0EKWdFD6RZrvt7JAZ3A9o04hTCrdZErmglw40pqYLVdigHTMWzZYmgWzklZJzp84bCbDN4FAimZRnpuyvkDEK7dMTTDTmlvZ4ZiJxKBFYn2GQpl3qhOaR5n2UA8TrteKXQMFZZVy+sQWqwBSmET2oNLQkVZmPhT2houzM9EpXdkBnSmj6kChPKF0q1zyQD3RDj8J1GhfeHImUBH4kjygKQh0A8kHxSog+kGkBiux69frC6ZnGRkF7MtEyY2jIyCgMGvn+j4j5wlVpGRkFDRJZHzEbWfIfekeRkYMhtef8AQl/rPtAdt+BXT5iMjIwosten3qYgEZGQ60BnsbCMjIw3olXGCMjIUIQMokm/AOsZGRL2Ehl6dU+8O7t+EdBGRkGQrGlm/qK/SPeGiI8jIDFJ0QQcoyMibGQFMzMRzP6aPvSPYyKR0b2bWb4Efpjyz/Aei/8AuYyMhgM//9k='),
(25, 'data:image/jpeg;base64,/9j/4AAQSkZJRgABAQAAAQABAAD/2wCEAAkGBxMTEhUTExMWFhUXGRsXGRgYGBoYGxkYGhsdGhsaHxoYHSggGB0lHRodITEiJSorLi4uHR8zODMsNygtLisBCgoKDg0OGhAQGi0lHyUtLS0tLS0tLS0tLS0tLS0tLS0tLS0tLS0tLS0tLS0tLS0tLS0tLS0tLS0tLS0tLS0tLf/AABEIARIAuAMBIgACEQEDEQH/xAAbAAACAgMBAAAAAAAAAAAAAAAFBgMEAAECB//EAEMQAAECBAMFBgIIBQIGAwEAAAECEQADITEEEkEFIlFhcQYTMoGRobHwI0JSYnLB0eEUM5Ki8SSCBxVDU7LCg5PSY//EABgBAAMBAQAAAAAAAAAAAAAAAAABAgME/8QAJhEBAQACAgMAAgICAwEAAAAAAAECESExAxJBMlEi8HHBQmHRE//aAAwDAQACEQMRAD8A8ST+8doQDEDRLK6wyrpSCB+fzaNyZY1140jtSqeI2Zrx3h8K6cxtfhQX8+UBOZUtJIFnLcfKOVSw7AEcX/aJMROSGCAOZ48nNaRGgPVxpcgV8zAHE5PCNS5QrmLD3NdItYe7UJuMp1SbVpUC45RambNUtjYtYm1y1rs3m8A2H91uggEgEinCLMuVR2+DxdGADAagvUZqgGlxTVo3Kw6gMpJNXc9H8v8AMOQBYwz87i3P2jpOF4p6Xr1gj/DkUZVPkDnERc/ywwqSW9eLGnCDRbU5aN8FtQPWn5xvactsp4ufN4yZLW4NeKXvxDxd2xKBQkjj6ul9PwwGCqS0YkUiQVLijkdBHWSrdRyLG9YWhtPhJJIHmfy/KLe0cMRIfQKT7hT+dBE+zJO6jmCfRategi3iZD4WZrlSkvTRaR7v7CNpP4sr+Wy3jEeA8UD2cflE+HDSFn0pxIDvprG8Yj6KSeSh5hRI9iIIqwrYVQcOlEtZGoC1O/8AcOkRJyu9F4JjJaCogC5LR2RFzY8reKi1KV4qofLKFe0RIu1DjRlZPnWhZqRkcY2ZmWauBQdB8vGoL2J05BjqWRbjEZrGAtCCebLp0jqUkktmZNi5YcqG9eEaTOsaBq3Y/GvlFuVj1JDKHGixcEcxASGTKSSlJWGfgxBPMhmdrmCXdSUbpIUQ9GBUwDkUDGxv0iLC4lIfcRVtBqa1AoKftBTAzszAKSDZkM1Q7FxoX8J6wCKez8xDCUcooCSzPxufMcrPGsRPSkpRRqlKgoukGjuSwqPOOp06ZmAK3JULDfTRiMqnuDx+MU+5CxmLksBQjQNaw0b15QCrasanfCQbFlE1rw1apN7P0iomepacqAAA+vKpIJ6tw5msRIlgpIo4YhzWrPyo44RLIwQykqLC7hnAFMxD8SKeb8XsnUpRSkqWSVB25WGjNXrbSJsPiUrUAUME75LuA2rAXcxXw6N8B3GYA9DQ18/lo73UIAAO8XU1soLBiQ419oA1i57HdQKhiWbjUMenQ8dJp29hgrUFL14Zk+pBimZRJpm5Ajn76eZtFqUT3E4fhUPJQB+I94YDbBmNxTlXT8+UWJEjMojk5PJnP5+scyUO/T1bT5vBLY0rwq+0ShuqX+JHpDgXNnndcUoWF7oc/PnxggJI7qcmtJE1rnwpKx7S6WZ4oYCSWYCxJu3ED2Bhhw2HDpeoOdJAuoKlrBHmG9Y0lTYR1SQrDSwL96UEt9oJb86QTVlUrGJANJQIHAJ3i7X/AHiLYcjMjKbpmJJ8wtPq4ERbCWJs/EfflzSPyFIn9GBAQbw0sycMpdASArnveFuJoFNZgYG4WR3ikoD71Kep9hBjtcQkpkjTeN/C2VIr0UehEROFFnLSMjuYKekZEqiIB4mzZQwZzelR5xuTNCbMSbuLe8cSpOYgAhzQPSAOAONomTPIcJJy1oahuYs8cTL8hQeUbQmAq7Qh3YsalrBhWhf2jaJyhz6iJ5eGUQZjgNqSzkuaPQnleOe6feoK2+dPnq9FW0Ysu6hm5m/76X4RcwuPS5K9VOXuXNT+cVUyIlOGUtQCUB7ZUJqfIXMPRRbw2JQC4WkAGxBetCLWYmJZc4hsoFAwIFiQxU/ExBP7OT0JC5ksoSSzqoXP3RvD0hvwX/DtKAFzJ6lA/wDaGQeS1OSDxyhoWj1orpGpygcK+tX9SYt7M2cuc/dy1zNN1NB1UKC0ejbN2HhZYGSSlSqglbzS413yoA2FALmloJqnKKmDkAm/Cje/xitQrlHmmP7L4iRKXOmhDIukqBXUtZLi9LxBsrBJnyp5fKtMhcxJFKIUEkHlUGPRu0WBUrBzyqiCglzTMUqSqlA9hfhCB2IQ/epbxYbESz5oSr4gRNv6VOtlEoUCzB+Ar8KcYLbIkrSklQAyzEEB3qoF7cgPWIJuGI8T5r8Q1K05m/SLeynyzEvQpccylmby+EEvKRPCJaaoaOfSn7w5YJKSkEBilQJ6sQH47w+XhQlfzXfxJCvRJ/MgQ1bP/lTA5Oov9UlVONfy5mKtOTZGQjIrGJF05iG/EUg34Kd4pdj5P+pSnRSVJo71GlL0hg2nJAxmKRbPLUR/9YV8RATsuj/VSPxig15dYqpSdjcIO9VMVZAKXP2lBVX0ZIJ9OMBMdP72YuZxNKfVFBTTSG3HSzhsCpmCp6l9QFqSGfiESyKfbNdIUgkJDlg1fS3v8YiKqnib36nmf2aMiAmMiTbyHl6iOhLOntX4RwRHcsVgNKpFi1w/5fER2mXGGYp6qJ0e7jzv5wc2H3SwqSpCQtbd3NNwvRBJLJB0PkXejifqrsvY86d/KlqXxIG6OqyyR5kQ57L/AOHE4jMudLSKuJZ75TNUEJZIpzMR4bDTUTJQTPWiXM3EkpCymclgqUsEgCtQdUkUoYuJ2jPdZC5K+7LM0yUs0eyks5IIY1dJiMvJZdRrjhNDOF7D4aUEkoMw8Zit1+DIYU4F3i+rDiUPo0pSBpLGUO3ANT9RdhAXCdqsShklC1PUJQpGIoGqySWuI6xHbZB+jWlKDUVSUKDGt3S4I1FKxM8tvcFw/V/0JbS2WJ+HVTxJJqPCoVd9BmvWgJ8wvZ/tHKGGCJ83IqWSkBlEkXTRILAeGrWiFU6ROO/Nnzk6I75OUf7UJHWjRvBbNEmeqZKKRJWhilRJWhQqCHdwSPta8ofvPonjtmhIbczP3OGmzHLvMaUl2Zw5JUA9gRcaxIqfjVbypkqSCT/Kl5lUDtmX4SzMUnQcIu4Q5/5TKUBYF1jhu3a0RETBRjmBzWINm18hGk1WVmkMvY6JpPfKmzlEKZU2aosapBDZW3jYvblCX2LcYtCABVUxPPelzMo/qCaco9FSFMkhVwPIihBcCsIGCaVtOzf6pOXkCsJHsYLo8d6uy7P2qggbpFBoAGZ/qmJtlT0mahiKulga7wIFL3IgbjZqv5ZZkFQDgHldn01P5RFgp2RaFFRASpKmD1ykHppD1pNuzewT3RfTKfI26kBobNggLUkVZWYafWc06Ag+XOFKYMv+yYoetvjDNsVTKQbVSGvQkpb0AhZrxCNqp/10g/blseDspHDlC1sCUo4qTlJBTMSocdxWYtzABPlDV2iRln4Nb1BKXvQLDe7+sUezEoSp2JxChuScwrqSajqQydfGYr4m9h3bTF5pyJY/6aBQWzKAJYEUNH820hYxzpARZ6npp89Iae0ssoxk5LuXvZ6VPm7+cLW2SSsEv4R7PCoinhcMVrSgXUW6cT5XjIZuymzQEqnKoSCEcco8Sn0bjy5xkEx2eyv3fP0jpKYmnYNaA5FOIr6kWjWFS5Jy5gkZiOQ/J2eJ2LtiEElgCekW/wCGCX3gpwKB6PU1Zi1Rc3eIVTyovu9AyQA+g+TFkMP+p/S54UNgfJ7Q4k7dktoon/QTxmKgAQ9ZyU8zacgVSrVqu5e5tnZ6pS85+kOXeIp/ESHbvA/hmJIGYGqVBJLgklDkmoIejMpyCCKgg0b9o9FwW004uQM5Inyd9WUAlQZu9QkkBRL5ZiKAitKRGc+tsMvgzsnGInyxKJBNCg5RlTMulYRoiYQXTRl96iykiMxGDlrZJl92iYcqkpLd3iElwQKCpsTTNkNc8B9nLlJmhCUFK3KFSwJgCVKGbMFBU0lCsqVDKKHKoVBMFsbtgKORa5MqasCXMDTMxUKJnJlrTLyi9cwKRlfwxPt/0LOeAmd2VkzCCUZMxyKyADLMFvEHAUHZyCXRxgPjtjCQgKGIUkjMnuwspeYitAoqOUgFi2qeMGsTPTND98e8UrItK5ksI7xxkymQFljdyFWSHcRHMzndSZMlKiARJkrUQuXVipSSXUzuACQkWJhe2+BrXIPgdnYqbkUhSiCGzLQgALAfKCVIJDBRfRmrHeC7SYyWruxMSstVCZpIFqEEFBNdDVj58bJlImKmoxKs6k78sTFgBQSQCgpVQGybfa4Q0fwcpBzS2yhSVpyimSaMprox7xXJkwaP20Dze1PeJ+mkKsDugFOUuXUmUrKRrvJMC8XiZCihcshBlrTMbJlqlSVWIBbd+MOOElJISFp3HmyC7MEq+kR4mAyy0j16QnduVS1qlLlBDrkELCAAAsIWpjlDP4fzisNROVuRT29LCcTPSLCbMA6BagIoTDyA8v1rBXtAgDETeayr13vzgcq9G+P6xuw+m4zMyFK+0mVN9Uv8YM7MnboB/wAgMG5VgHspZVJQDcy1JP8AsWQKHlBLZiiZaAGcuPNVREZdNcO1/tuxlylsQUzAKlwQRmB5Hdr0EBO188SpC5aTvTpi5im4EgkU03U+nODfaqVmwpL1BQ7HRRy6Hn5P1hU7SSxMnBRfKZaCkfiSCb8zFTpNnK72rrill/ElJGl0gH51hfm7PM2dLlp1S5IqwDlRoPkwa7Ul5kpQcPIlnQPu8uMFOz2GRKlGfNoFJfR+7D0A1KjQjR084n6fxV7SYsSJAkSyHVSmiAwPTwinNUZC1tHFKnzFzVeJReuidB6MPM8YyKSvCT9G2VSgr6pXQdTch+sUhsec/eJKEKruglOXg2XlTziWRjWtW9HL/GscT9qTh4QkhvEApx5u4MY8tePqhMkAkBIIUAywq+cMD5ElhHCFm1PSNJwq6ukhvtUHPeVSJFy0lTgluCd8vzUyReLl0z0sSpobUniT+TfnBLZ2PMtSZiSQtFQbs2h5NQjhAcIIqEgc1HN7CnrHUuQuYQMxPSg9odpyU8bU2hhsRJlze+EiaAZaucsVCQAcymUd0gWcHhF/sz2zwWElKloBm5TmClSym7A7yEvle2YPVntATZfZWXlCl1PzwhiOxUJweIloQHWhQdgHUxKBQfaAPWMcssdt5hlrkSx3/EPBT5UySpKUpmIUlwVApJDBQeUGIJd3uBHWJ7UbIm5e8lSCtg6gmQQ/EEqCvYFuEeX9nezqsStIFAaudBx5CGHtbsBMrBjugGlzkjMLqzBSSfXLDuWMy1tEwyuPsIbUx0jvpK8GgpSlR7wd4yVhVM2WUtWXK5JZTl7GDOG2RJUqWFY1BSvPKUEpSgS0lJWCTNdRZSAApVRm0cv57sfsznZUwP8Ad+D/AKRTxez5iMVMlSsyd6gSSlgplAU5GHZjS/lI9vT2NQs5peKlTCVJUCod8aAJuJ1mAFukLn/EXYszDyZKp01EwBSkJSl0qGcEuEkWADX1EKW2sBiMLhEzDPmqWqYErBWVJCSkkDKp7ECv3hAzZq8TOd1jK2qEX0Hh484WElm4eW5dVS7Rp/1K3vllmheplIN+Dn/ECFkWd+ga/WJZ2JmTVZyaskeSQAkeQAA4MOEViC5DRttjoz9mlvLA4TFJ6BSA3u8HNjliOSnY+nwELPZleXvBruL8kKY/+QhlwKWmLA4m128rVPzSC8xUvI5tdWbCThwQDU6pWFHThWvPzTtv0Ek//wAE+zph4nyUmVPDO8qYxuxCC4PDrz5wibUUDIw6uCFjnuqJ/wDaFLwd7FRs/v5mDSzoGHQqY32UKUnK+mYpb4Rx202mCoYeWRlQB3hFlKSLDgBciznlBNeKGEwSCsDvu7ShIod5S5iw/JAUaUrxeEKeopGcglzR9Vc/j7Q5wlFtKYBuC91Hrp+fQ8zGRQf1jIkCeIllBdJYEn0+TEeEmLX9ZhU0bzLmLu0UNTgxHqx9hAnDeVDrExQiZSA+YORqo5jS9CYgmz6s/T50jXeH1jcqQ8MOsPLKj8+sNvZ3ZgJFKv8AJ6QL2ZhYe+y8gBWZQoNeEZeXP1xtbeLDeQph8KEkPYMTyA16fpHG0NooUqWlNEuCTS+rAxS7Q7WZRSjXUa8+Vv0gNhZS1Le1a2dtfP5rHP48Lf5ZOnPL/jB/ZaESMOspZJACeb5i7dGEUsROE3DmUxI8X9Kkn8nijtWSpMxUt3SSFdcwvz3n9INbIwJE5CagTE5aUcrGtLWPy8VqSb33yi21aUiXKkskJzMFEm7gj0rx4eqviZg/iBMYOpCQeqXBqdaD2i7JWV4gpJINjoLMb/PnHO2sLlSk0JSsuXFlB/cp94fjxmPfdGeW+Y42203DTE0sFc9xQX8EkRBsjCpEvNwrE6Uvl3aKoSC9CGsDFHZmLZGUuSHBA4ikdGM1OHPld0towiU4iaj75boo5h7EQM23hck7koA+dj8PeDm2t3EpW/iSPVNPgUjyiDtVhjlRMd2LHVgr90xbJR2I4mt9tCk+2b4phnwS/peS0j4OfhC9s4b0tWuYP0ND7GD+GoqX/ToNcvwioRuw7EoHFnGjFx67w5VHOFPs7gwtMha2ySZiyp7WRld9HdX+1oasLQgiooxvcmumreg0pCXjU5ZGJQks0/KWuUnNT+y8LGdqyvS3t3GCdJkz0gAKXNQGeyVsNdUtw0HCFvtGvNLQSfrN5Ma+oME5gCcBKa6Z6xx+qkt6q+WgNtkvLSfvAeyg44CnxgpfArJR7CMg32e7PqnDvZjpkp1sVck8tH6DpkBa2u7WlAAvqC3Xrpw9IW5QdSuvxeHackTUA2IUyhzr62hSTIeYoXcJP635PERdT4bDBTt6++nnfnwi9h8GRV660NPO0S4VORCaOVAitme9PSjQVwSSobwfrp6HpCtORvBoNNSaQeRiShID/Jp6wrTe0iUulEkuk1KiBalg/S/GI8Ht+audLzlKZZUygBRlAgFy6qEvThEZY2tMfJJwNYskqdQ9OHwgjhZoAYDVyP8AGsanKBDJYJ0IIduIL2o8ZLlkgXoXJDgqF2486+kZ3mNpxRKUe9mkrSwygBtANd2rgklvLnBtTgyiClkkAFxRi5D0agFOnmvbDUcxcmxZ+DW+AhkwqUlBBTRidXJ4jgPI/GOXy/xumk5mwKdhu6x0xQd+8dm+2ywOFM3OKO3V94J3QLFCzAi/k5rz4wf2gAqYFs2ZAB6pJS/KgHzSAu2VAqy1Ygiwo7+1etI6PFd1l5JrFQwc5RlBw4SdAW/R4HmZlxK6DKrfYcFB/W8WdkM2VVDY9RQxBtOTlmS18QUnqGI9iY6o5qq9rcMBLQsXSsafVWGt1A5RWxyO8wq7OA+rnLvN7Qc2zhRNkqahKaJJHiuCOTgRRwuEXKSUTAxKXKToOfGHLNJs5LWBLy72+RDHY5uEzN6hxCvsNdA+vzx5Q0MMnJpavTdMXEmOUpXhJOUFiRzBB6Wev+VrbaQDjm/7kuYKaKUog/3Ac4ZMIvcTxCUlvjYXNaj43AdoG7zFVDKly1jgzy2PpobQTgXkJKv9CTcJxKfJ5ZbnXK3yIubF7OCalMyeR3IIKQ7GZcU4JJtqaeZDs1sgiUe/RRSxMSlTgHIkh1BqAuD5h7xR272nAzysOtkAl5tKizJ1Ztb8BrD19o2vbe2wiSO6ljNMAYJFEyzQVCdWDMNDyjI8/nY0sUooDdX1leeg+eUZE8Ht6Xh8O0rIRlIURXUkVIfgGPSsJkqUj+KQhyfowC9d649iNLmH7tZPMmWp0gJUgKLmpy0seO6mnImEPZ+y5mbvlEE+JQD1C+dG9DcRnj+15X4Ly5YKClPHeN6OQPJxfn0gps6QAYgwk58xypBIYuHJILgUZnI/KsTDE4hJYLyjUIATpxSK3iclYlLbGHKJsxJFRMVSxZTqYjoRA9iDV6AKFODEdYc5uxETJipi1KKlM4zNUAB6B9BrCXi8NmnrRLfKFqADk0BZ68TXzi5ds8sdGWUZsmspWZBulW8jo5sffpDFs3awmjKU5FAOxsx4GxEICJc6UkLQ+Qva26WLg0FQbtFtW28yCkpCJg8JFAaglwbWuIm47XM9PQcNiUImAqmIAIIqodQL6kAReHaGQkZTNS1vrWP4QXjzzCbLVNYjEJrwQT1YlQrFpewpKVETsStI47gKSftILkjof1jPLxYZXlrPLlJxDLittSTQLo5ILK1biLsG84rT+0OHq+ck8Uhn/qpaAP8ABYMVKpimooBZIP3kqQA/4T/mLNgkD+WFFJutSmWk8Qs0UPT1pUwxnSbnlRFG2cOlaluplElmFH+9m/KNbQ7UYZYCSk0UFA5wS4BDeGxeBmFxkgkd1h0qKT9WWlRKTxygkkPT8I5wSkzsSQEIwUxgFD+UpO4rSqRalX0i2bJG3ArNMQlSShGX8TuwdgGNooK2woonTZtVlJsrPvKDJc6VAo9gfLvacuf3RE2RlSAEhTpJC0mxyqLPvXHDjVWxkw0BoLtW8OFavbAkuR1aGpQGVgRVChwsoKf3hUwW1UykjKgqUNSWDn1PwgxsDHGa+YAHOQwegUhh/wCJi0Q17LU4SrXK3kl/QN88aeNARig4JT3Cic18qFKL6V3BE+wVDcB0pUebV4kgecRbel/TyjqqXNTYh91VhfxE9XB1eKIOxe1l4iViAtGRMtMsoTR8qlgKJ65U063q67tNf0BDAV4C2YUp5QS2bOK5eKKiSTKCvNK0taliYEbRbuS3Eft+vnE2qgKBGo33h0jUBaOPbraG8JQNDvMOFwC/FTnolPU9bPQTJl5t3dAcnLbmqht7wNwWNM2bNVluQRWrAMkWc0Tyr6ROADa3ma2rS8R1NKghh8RKS2aYG5Ak+wb3i4nbMoHdRMWeZCB0+sT6wHkYdN7tX209Yv4NipkhxQgAVcPUNXWJsaS0RmbaWlGZEqUihLtmIaw+kKgPSFfZsgAEk1P5B7mGLb2YScpSU51AOzU8RLHTdZ+cBMPh2cF2YAj8Zb1pDx6LLsRw6FIQkpWCQN4EAh9QClmryMLeOAWtxR1AENRy5pzpwEFdobXlKDpGVXGYkkjoZbN7xXwe+klU1K2JXau6AWdSQrWvUQQqHzVLlmim/OLGElqxM11eJIS5dnFhUVsG9IaNl7KlFWZVX3RXjXycfGIkYRMuYVpZJtVWlD9c1hexzEd2J2dwjOuSFfiJV/5FoYhKwqABKkSZR0IloSSeRZzCqjFoFVb5swBUejmnvAzbU6qpkoVZ2CshSwuG1oGbWMr4/a81r7anT2rEbQQZYZgCAQ3AsWpwLQA2tLAVKmpc7wFHNCK9fCI882LtGfiJSpisRNlS5RCSEsp1EjdCUqTRlJqWevCDcnAYOZlAn4ufMYKWhCFHK6auAlTMSz5mreI8fi/+d7LPL2nEEdryZSlzEzSO7XlVQgMoAVa4AKXPIx45tGQBMKQQcpIca8xyj0rGbMkJCkiTNlqZW+qahKi4oyTNJBAHDUgx5ztIOlzfj5t8GjplY2cOsPhJbPMmBHJ6+gcwW7NmXnUJZJrLJellEUev1vhC3IwxNAIaNg7ImSgqYsAZsiUhw/jBci4FNeMWiGPYktlKa7m7kMDQcOvER1t1AC8IX+sqXrYnKPb1odY52Sd9fJTv/uLWiftOgJ7lYqTOlqIqxoa11ZIB6Cl3uXgrOSd2dSomekAuZC6AfeQfg/vG1dnMQuWU5QmwzKUzs+lTYChAPtB7B7fQSqTLlAKRnXVgFFCSSKOagGpMBtpdo5pSpYCAQ1CFKuQLlTa8IWjjjDdkpQrNmqUeCAwfg5f8oyAM7bmIV/1CBwSAn4B41C2fCzsiX3WYzClLin1rfhB+MW/42Sl/5iiWoGQODu6vyiPGJSC7AUeri/Gj3cxWTlU76gN7G/zpE014bayh0YdFdVlS39SE+0V5m2sSsN3ikg6IZA9EARzhsSAlikECrGvIxNg15huJUq9EpKj7dIWoe6n2HJdMxa6kslyfP5EWZSlBMxYANTRs1ksP7j8esTbPk5EgEGjqUGIIOr8GZvzirMCu5BSopcO4WlPiVn1UkWHuaXgp9BOImqLk4dJ6JmD4KgrsaQSkgygh0r0W+9pvE/Zc+UDpxVX/AFAbnPUr2RBbYZAI3ys5Ros/bNHDkl/YcoKUFOzM1r1oQeQANa9BEeNUEkqTYfZS/IBiQ0b7OYNRxRRYZVFiOTMObl4u47ZTk1PG7DmwA878Yi620ktgYrGkCgo11K/JIBH9UQ7GxJnTlouDKWAANXTrf3ggMPKSmuQkUbxE/wBTmL+xcKpE1M5SCJQCgpXDMgpDCpuRppD3wNXangNpZcEzUYgga5t4vxorjEW1sB3Uwy5ZKMoGUixCppuDRnanSLeBwKEgpmKTkqXe5DAAi6QQ9b0jvae1pBOda5L5cpoVHLomqhR2NQ9neF/gf5D8dtGehCU5RMz0opsoIBBy1Fjx0gDtjAzU07pdSRxowrT5pBiXt+TvBHeqoVEI3A1K7gSWrxNzFf8A59LmJUQkIy5QAsu7kl3cuzczaKnCbqlNSFg5VP0f9KQ77FxijLlgs5DOQ7EUtp4TWF1WEVPWe5IoBmLsHq2jl66aQY2bs2ZKQMxBZTgPX99fWK2iSmbZchSSpOZzd6PWop1POnGsZ2olNh3AAyrSo+5reu97R3hMeggVSFc923M0fz4xz2jmBWFmsk0SCCBRgsA2J5+8VBSnggBj5mgfEDyKJn6e8B9oH6NfRL8zmENKNgTP4lWIdJQTOVcA7yFgUN6kCj3he2jgFhCwrdepKgoAVc1ZoCLzaRuLCsHMB8BL0pX2vGQcEJzsRLaqwfwoJb+opAtw1isMXJTZC1fiUEj0SH94gYEXiPIAfyeJUIJ2wRRMqWG1bOfVZMdTdoT5xSkzFMSAwLAOcth1ikJY8oMdnJAViEnRIKj5Cn9xEGj2ZsakSpCsoejB9TYHm14WNpSEFICpiU1oMpUosGFB1OusMW3FsEprVQYaboKv09IBHAy1ssqUQKeJMtLkkvvbxd/qjhCOhCpslIp3iv6UivqRDFsmW77jBgAA5fdS5rdqjyMaweClDw5aapFQWt3iwT5BPEaFp+/Zkyz4qOAsrJAfxFRI6HyhWiYmPYRlS55mYhSpYyFg28pVAE5btcuzUhgnbJlzUomoBZQCgFVLEvqWDPHmPdK1F7ixPIuz0h02T2uVKwyJQw5mFOYZytgXUSPChTkAtfSObzY53Vw7b+PKT8uhidsXIM2XWrMmj8KAN+sLm2JJz5kLIAHha70rTlpxiziu0+MmAJEmWAagspStNStI4UbhAeanEzPGpCRQsciLPrvcTFeLHOfkfkyxv4lPDYValZ3JSlQCgolQY3vekEZexu7noyhgTlINeKXPLMxg1J2elIYz5aSbsoVPPKkPHcnByalU7MfuhanpdiWvT5pv7Of1ARslSJqVIDCrmwGYHjcA+0Q4jZIKwxTwu5Yjgl7Q0IGGH/cJ/AgU6gUvx+MdYjGYdLOFB7FazUNoMwBr+UPd/Q9Z+wfsxhTJKwtitYDHeZg5IqL0DU/QnDgQr6SUM7urK9QKCg1qW516QMWZcwnuxUEKYFBqnhvOz0bnE+wNvozBKCHQXAL2Lg3AIYs9Yeg6mrRl3kmzEFCjUC1r8m5xFM2hLShaSo5FJUkJBcE2fKl8pFbsekF9rbPl4ibKSS2dISitAocWuHUkNAjavZ0pcSlEgfZIJAcgElI3rVIaumsHRdh2L2rOS8xClpQoiikugkAeEGzkE0/Ixf2f2sSljMkjmUKIahS5Qo6gtdjCzi9nLTvKKlJNHqbuwJaK0yQz04Vu4pb5doqUq9EUMJNSCcgV9YLQpBdnAdJb3GkZHnsnaExB3VkjQGoGlzVPlGRXCN1VGHW4KgAPvKA8md4xGHrl7wE3ZCVK/SCkrAYaXVR7w0oCw/tt0MXF7aTKGWVISgcdb/dYRntppBhNgqNcqgOMxQlvx3ACvygtg8DhsOpWacHsRKcnjlKioj1KekL0zEzZqg6yXoEg/wDqPEdXvEkrB0ckJrU0J1NQ4AJ5l3hciZT4NbR27KJ+jk5jXeUczH0CR7wKxOIxE1swGXxACiQxB3Qmht9UE2ieWUDeAH41mjaAUc3+qkN9qOp84B8xIJbxAFZ4NKBYHmsknThBoWu0sAxUA7EElQzKBfKModVfsgmtREqMalDBKd8uSkIClubneJCAOKmOrCKWJnZCrOTLNiHC5yuq7Sx85TeISN1l/RIv3afGvUZiqwfVVqMmDQ9hSZthS1FAUpdHOUJSlA4rWFAEcwwPE2iJO1lKUqWgrUlIdUzMUITzY6cyHOiXvRSnOgEtKkAuABVZH2Qqq1U8aiw9o4Clz1dzJCUS0uo13UDWYtR8Sm1NdA0Gh7LSNpGYvuUBZHiMxSgKDVQUkhCBfj50ivjtqJChLlozj7XhUpVqZahNaDXWONoYqXKQZUpyCXUo0VNPFQ+qkaJ0vcxLsWQJKP4qY2dQIkpI/vI4Vp+4IY2l2tju4QJaQ6yxmbymGoSkhQL8S7GJdh7SJRMmlLd2N2pVvmg8RNn94W8ZiCtRUS9y51JqTB/asnuMLKlUC1OtdavoD0/9YNCUFl7VUC5TLJ492gE+YEGdv4uYmXhloUU5kBwOOVKrNS8LqJcM+3JT4HCqpQJHR0H/API94dhS8ULwPaCYlaSslSX3h900PtFva+GVInCdLO6vWlyHduCh75hALLDZsVScRhjJmGsv1KTUEc0ke5gs1yJd8CWG2lmkypn2VBw4OUKJpdwHSPKDOzJ0sllJZYoasFMmwUDurYP6U0Pmq1LkLWkkZhTiFNUHpqOpgxsbbzrDuCcvR00BGr6w5Jexuw4bZ2TLUjvJau7U+VQZ0qUCAR9GSCSArhVzQWTsbgClRYZS9id1QJYEA2dwRoxFbw67Lx5mKKVTCk+IVDKUElirR3LH1DGsR4vZCV51Elcs5lmjrlEnMTXeWClgSHYmoZgC46Ht+3nc4KlkhQyqe1Ck660b40jIYdsbGmSWzjvEaGxL04Okg6U84yFsaLuwPpZyEK8PpQaOLXh6l9npRbLnTWgRMV8FO948/wCzc3LiEE609f8AEelYSSrPUspNubU9GipAqY/ATkpbvppllJzBYSpOS32Q9BbS1YojZ+6hpaSSKDu2azAMwP7Q17UmKVLCkgHK5KSxqLhvrMz/AOY3hsemYlC3ooPStlO1mFUsfOH6lKTf4R3WlCFMCSrMsENRgSokEu1OcV8PgquiX4wSMs05mFCQVJdNaUMO6MOgyxUOMqqUOZxmrz+MUzgMgCgXZAQzaPWx1d/MwesGyiNm92XEiYk6Fwpuj2POIBgJYIKkTS1d4OCb1Y16Q9bPloEpGa2UNT9uTeUSKwiVAqCRl4V+RBqB5/isOlZJXMmPzTp0CaRP3SMglomZEXVul1H7SjlD9DQejOW0dhiYjK1CQwbgeB/SA0rYCe7X9GnPVQJSoAcKSyCqnxtB6JyymM2W5Gy5IWlS5wWkVKSyX5O9vjE+0sMZyirv0cAKUSLCijB6RhCmYlkS8imPhJUHS/iUTq4pwESzsAHzOlQOhQhrtQgBXvB6Inl3qa7/AL/eSvs/ZARNQta0KQk5iAalqgdHAiztbATJ04zQqXlcAAqYhIozNTpW5i9i9jh8yACXAyKl5lDT6rE9WpGtpbGTKSMwQlVOIB87iF63bTGywHGw1hxmln/5BB3EyzMwqJAQy5eX6ycpCU5VMX1LeQHCBuE2fnB+jDUDpmu/sWjleBIJGSalgbLKw4+rT973gstVOEK+z84fUFPvo+BVGYLAYiSsK7s8KFJ8wytLxylDglpySOIAAFA9VOS5GkVziMpYzZiOFA3teDktSCHaHDBctMwOVpDLJqopu5etD+fCFWWpiGLEHpBz+JYscSoEUYhTeoES/wAQWDYsDkUzL9QkwtBD/wA6dlWUklRFgSpsxHAguw0EOvZva0qaWVfdWA+i/GOrkkcCltYS+/mFVJyVHiEmvmpjEap05JdxTkKj1ipsjPtZM7vkKzFSASnKFVIDKW60+IswIH2QBSMgfsntAQQJiCwObMli5AADh6UHiFa6tGomzlUy4KuHQ35HnDFh+1U5AGfLMAo53VWtmTy4gwug9HjtBo3FqQtg/wCB7ZSVABWaWfvAqHLeQ/SqRpBPZZSoq7shYUorBSp2cgkUsxe/GPMCrLQX1+fnSOsMopVmBKVaEOD6hmivYPUcEGB8RLAkFnAJa9ApqPQRdVJLXD6a6e4jz3B9oZ7spfeNvDMHVu7wGYMoglId3txYwwYXtTJJzTpJdeoAmJAoMv2tHoDeKmqQytICsqkhi/JmqfhFmTJDElTpc0BZgQxr1PvAvZ+MlTBLRnCsql3Idq5cwuC3EaxZxUsATQlvCksKcQVewqINAM2pgVpmZ0uaukuAW4UsXIg1gMUgypqpgUe6UQTqru0pU78SI0uQApIypBdQcC4KSdOaQesTKmAEEjcIyKYWd2V6kh/vA6RUrO/kHnE50pUgPmAyhq8xQOOFImXhQ4JToBlNWeumvOLezsEEJZ2YUYBmvUHmxpG8ekpBKXoqpofsgeVTFuezePH7v+9K6yl8yEgWPN2ANjSKs1OZMxKiVAvmc1+6z2IoHi8qTTMhQeldGFdOUDcZLdSRR8qmc0fdia28dty5/vX/ALWtmYRCZIS28SbkO1dWAsNBFPE7PQVmaCcqaqZg5YgAVNaAH5a2uSO7msBTNlOoatODGtNTGsUn+alhl7tLjmFKIIbheI23YnDpmJKCMqhlJIYamlBVgPeIRgkmuWupr8OOvrEmMQUmZlpRJOl8zx0mX4WCEsRUG41FrEV9DpC2FWfs0qLleWoNs1Nbgv8AtEM7ZAc5VJWxp9GkHm4ABavxi8iUaqSz5i/FnNB5tSLKFZTUA8QenVzRq8oeyB5WzEywzO5cgBgLsz2FOPHpHJwaCwLAmzC/B4IYkqJraw4frZoiIDMQDdhw8hpSGA6dssXF+FPPzjIIylgXoBwFCB0HxjIN0tPNEmO5SXiERIg6xkpPlzOT5eWnpEqFJ9OHsAfWI8/C3z5x2Q7+3x/WAJpE4AhTOrThXy5mLc5eWgJrwPAWo0CiKHhaCOOIzgeb8r+cBNYCTnMxN7FuNw9+JBifD7QnS3CVlrEE5qcGUDEGAmHvBzSb9H9m9ohWbmrtR6a8LBg/tFwtmnZvaWaXzJSSkOCKFi4N3ct0gvs7tAidu1CquCGfoQ4UdWhO2P8AzADXMCAOvz7RmJkZXPCt7tyPXSKmSM8faPQf+auSQUF92+bzYE1pEkzEshzvirt1rTjyjztONWbhEwj6y/FyAWkhZ83gnK2vNEvMkIcFjRRBYn7SibNrrFbiZL9nJ2kopQbpDgC1Gt7esDzhwFZSpyah+HI6j9oAbN7WqDhctTO9K+x56PBYbZw06mcA8Fbp/usdINrk+rasPQhqcPVz1rAzGYkycuZlBSlAum4FrU1+MG8KvNqCBY+19esLvbbEy05JZFWK3dlV3Qx5AFwb+Qgq5PmxWTMCgFCoPGvk/C/TzjeHEt3ATxJCQCPkwodn9tmWsJmLJlu3FtC404+R4w290wBQATegAzJLF3/3H0idbPWmwpNQAAeNA/6XjkzvV704dOIjU5QY0YuwccKMekVyqwsYWgsS56VOAoEi4erjXik+0VMZMKSBlzgsH1uwpdoqbPwf+qmLS6QEh/vFYBIrS4JiTbScv0gBzJKSKmoFW5Epf2g0TYeriwPVm58mjI1PUFORdgDV3v8Ar8IyGVebR0DHAjHjJSylcSJmForJVHYVAEqLGutourLiWfugf0Bj6taBzxZ7x0IHAkebv+YgTtaw8wJWlTUzM2mUuGr11izMTlOV3txt5WfnFKcugLs1QOYPt8+d/HgBZLkG4ALc7/OsVA3g5mSYhRsFaCm9Qkct4+hi3jUHvFBn3q687C4t8KwNzOM45V4KB4+/nF7bmJHeJUKhSQq73DtxPSGEDE5UhJJFxRxya2mgi9sbKuXOQToCGcMVO4tXw87vSB/8SDZIULAPWxe1afrFzs+vfLuygU0FC28Oh3CPWABqSxLgkJLVD21PH9ol7oK3gPIkjoG10NOIibaQlomEWq73r6WivKxoTQpcFyKqfk7/ADrpASfDKUguhZSdAlWUDqNesENtvPloz7zAMoJZQpUOPEHehFIDd8xLUfmWBel7CD2ysSF4dvskpq34r3194dpwsjBKQcyVgKFRUcnHMMTWGvZG2iqX3UzIiYlsjMBQuxSOVuNYAYpWVRy3HB/I9NP8RFPIVQXNmrS3nYiCcDZ4kso5nB+0mozHUp4ekczpwOjKq7pYdaGPPkTyAzngRoPIxfw22ZssMDmAYb1S3I30tzi9wtnHD4lbs1AOJDHj05GK+OmkgEpV1Ae1Szwu7P2zNzGr3LKF20cVtF3/AJ4FagHg7HneDQuTe0J/dzEEUSQxGjUqP06xkV9oYwLQ6mDAgDiIyHpHsThGoyMjnbOjHQtGRkAdfoPhFrDHdH4j8BGoyAqmxAoekWsd4k80J+AjUZFpcYcW6Ki9tpZEvDkEg92m3QRkZAFWwDU3h8YJSB/qJQ0CCQOByivuYyMgMO7Rn6c9BFVt30+EZGQFXCfEBo4+MMXZs/QzPxf+pjIyA4GYtIeYdQlweFY5JZVNBSNRkMkM4biTrWuvgEV1+Lzf+0GMjIKIlwJ+l81fAxDjhvnrGRkHwvqCUouz0jIyMhwsn//Z');


-- TRIGGER pt adaugare produs la licitatie
DROP TRIGGER IF EXISTS trg_before_auction_insert;
DELIMITER //
CREATE TRIGGER trg_before_auction_insert
BEFORE INSERT ON auctions
FOR EACH ROW
BEGIN
    DECLARE prod_status VARCHAR(20);

    SELECT status INTO prod_status 
    FROM products 
    WHERE id = NEW.product_id;

    IF prod_status <> 'APPROVED' THEN
        SIGNAL SQLSTATE '45000'
        SET MESSAGE_TEXT = 'Eroare: Produsul trebuie să fie APPROVED pentru a putea începe o licitație!';
    END IF;
END; //
DELIMITER ;

-- 7. Tabel Mesaje (Chat Mock Data)
INSERT INTO messages (sender_id, receiver_id, product_context_id, content, sent_at) VALUES 
(105, NULL, NULL, 'Bună ziua, cum pot depune o ofertă pentru o licitație?', DATE_SUB(NOW(), INTERVAL 5 HOUR)),
(100, NULL, NULL, 'Bună ziua! Trebuie să aveți un cont activ de tip BIDDER și un card bancar validat din secțiunea Profil. Apoi puteți licita pe orice lucrare activă din Marketplace.', DATE_SUB(NOW(), INTERVAL 4.5 HOUR)),
(105, NULL, NULL, 'Am înțeles, mulțumesc frumos!', DATE_SUB(NOW(), INTERVAL 4 HOUR)),
(103, NULL, NULL, 'Salut, cât timp durează evaluarea fizică a unui tablou de către un expert?', DATE_SUB(NOW(), INTERVAL 3 HOUR)),
(100, NULL, NULL, 'De regulă, evaluarea fizică durează între 2 și 5 zile lucrătoare de la data întâlnirii stabilite în sediul nostru. Veți primi o notificare de îndată ce expertul finalizează raportul.', DATE_SUB(NOW(), INTERVAL 2.5 HOUR)),
(106, NULL, NULL, 'Întrebare: Ce se întâmplă dacă câștig o licitație dar nu efectuez plata în 48 de ore?', DATE_SUB(NOW(), INTERVAL 2 HOUR)),
(100, NULL, NULL, 'În cazul neplății în termenul stabilit, tranzacția este anulată, iar contul dumneavoastră poate fi suspendat temporar pentru nerespectarea regulamentului platformei.', DATE_SUB(NOW(), INTERVAL 1.5 HOUR)),
(101, 103, 12, 'Salut, Ion. Am analizat Metallic Distortions. Detaliile metalice sunt deosebite. Putem stabili o întâlnire săptămâna viitoare?', DATE_SUB(NOW(), INTERVAL 10 HOUR)),
(103, 101, 12, 'Salut, Elena! Sigur, miercuri după-amiază ar fi perfect pentru mine. La ce oră propui?', DATE_SUB(NOW(), INTERVAL 9.5 HOUR)),
(101, 103, 12, 'Miercuri la ora 15:00 la sediul AuraBid. Voi iniția și propunerea oficială de întâlnire în platformă.', DATE_SUB(NOW(), INTERVAL 9 HOUR)),
(101, 103, 15, 'Ion, pentru Ocean Breath cred că prețul sugerat inițial este puțin cam mare raportat la starea ramei.', DATE_SUB(NOW(), INTERVAL 8 HOUR)),
(103, 101, 15, 'Putem recondiționa rama înainte de licitație, sau putem scădea prețul sugerat la 550. Ce părere ai?', DATE_SUB(NOW(), INTERVAL 7.5 HOUR)),
(101, 103, 15, 'Dacă micșorăm prețul la 550, este perfect. Lucrarea va atrage mai mulți ofertanți activi.', DATE_SUB(NOW(), INTERVAL 7 HOUR)),
(103, 101, 18, 'Bună ziua. Am încărcat noi imagini detaliate pentru Velvet Mountains, conform solicitării dumneavoastră.', DATE_SUB(NOW(), INTERVAL 6 HOUR)),
(101, 103, 18, 'Mulțumesc! Se vede mult mai clar textura stratului de vopsea. Totul arată conform standardelor noastre. Voi aproba lucrarea.', DATE_SUB(NOW(), INTERVAL 5.5 HOUR)),
(101, 103, 23, 'Ion, pentru Solar Plexus, te rog să aduci certificatul de autenticitate la întâlnirea de evaluare fizică.', DATE_SUB(NOW(), INTERVAL 4 HOUR)),
(103, 101, 23, 'Desigur, îl am pregătit alături de factură și istoricul de proveniență al lucrării.', DATE_SUB(NOW(), INTERVAL 3.5 HOUR));
